reward,pi_e,pi_b,q_hat,v_hat
0.17893481367543618,0.005284454147587599,0.07269425113162388,0.26664425882628506,0.34964240907309196
0.6399131657151546,0.013515950790358654,0.11625812139527567,0.554638937362936,0.5603914511961231
0.4672684011434851,0.017182364878237984,0.13108151997225995,0.43659678631026233,0.9558505576721203
0.37050052710804804,0.006395268301004699,0.07997042141319939,0.3498133978164403,0.838531077919819
0.3549173343096512,0.01130970150473812,0.10634708037712234,0.3497033548721104,0.3347221818432562
0.790518245853265,0.4774628932757308,0.6909868980492545,0.7569853412993461,0.8508877230049676
0.9051438366771739,0.006769834619719672,0.08227900473218956,0.9564914545261263,0.4289235528604005
0.17735319182304865,0.10516120940659619,0.32428569102967864,0.14446228504436254,0.30942489496147085
0.652784802685132,0.027419719445181862,0.16558900762182815,0.6182608174967746,0.47457859002584213
0.29830276735556926,0.024964095842851006,0.1580003032998703,0.3192776926837754,0.340703347581075
0.9669622001623905,0.0683851338782476,0.26150551404941275,0.9279398252017489,0.3041207365066333
0.9198501605372782,0.05334130086251947,0.23095735723834274,0.865380824507759,0.8136226036223819
0.6358708041446514,0.05432926947160512,0.23308639915620372,0.5685973105143349,0.5744070437272502
0.7527320970790866,0.1066713073010296,0.3266057367852402,0.7437551546226885,0.9733620780868991
0.5151536963223518,0.09043403116957736,0.3007225152355197,0.5635186204653744,0.6574394614448731
0.82589525837557,0.21489695283043922,0.4635697928364608,0.8631238261870167,0.971195610359688
0.4483805454001032,0.14282763697892456,0.3779254383855691,0.4683013299843032,0.527851408039001
0.33881245331376186,0.4370547295635566,0.6611011492680652,0.34216218885196004,0.5700374912214008
0.27789921550015906,0.008852651157756696,0.09408852830051438,0.24758894011873822,0.9901490360217884
0.22633305684340344,0.041660061417307326,0.20410796510010903,0.21903542305085744,0.8685734982533125
0.5258168433452484,0.05260787270254432,0.22936406148859573,0.4621767789374579,0.2987929778293338
0.43091206068443144,0.06850200156893527,0.2617288703390118,0.43617354290362065,0.3799256880127899
0.6631806204725954,0.01874608034445739,0.13691632606982043,0.710491085927465,0.7673039226651929
0.012840482366806572,0.11209854075041152,0.3348112016501412,0.0,0.5331814467072885
0.4477019015387208,0.12831835356848711,0.3582155127412646,0.5109486346456423,0.03975092193747509
0.3651808011323914,0.04593557319848037,0.2143258575125278,0.25481868222879733,0.9826376915836402
0.19539759987155403,0.07753434351335692,0.2784498940803478,0.1540737994204219,0.5144010124214907
0.5948658710060528,0.04315073970181125,0.20772756124744557,0.5384530342826447,0.22151216947626684
0.43531315595064457,0.008003275430227224,0.08946102743780235,0.39678837052805965,0.6920773725468998
0.2999915037451498,0.024946234199034727,0.15794376910481378,0.27951056162075494,0.8109296364824878
0.20941612123621955,0.020539029467328794,0.14331444263342336,0.2692048826855433,0.34609363127807113
0.8746240571921795,0.16242758661839565,0.4030230596608532,0.8216158957183843,0.7105803773890312
0.7974623155214327,0.05540905010634469,0.23539127024242995,0.7485122721062337,0.26542297932485925
0.606709676684979,0.01684759342313662,0.1297982797387416,0.5667855443897524,0.7993422303607264
0.34510057866729216,0.01734535275761887,0.13170175685092006,0.31462792736347583,0.47030481013444847
0.9468197909796484,0.003956884086093896,0.06290376845701612,0.9118450980255657,0.3032741458898246
0.5633773745025455,0.25795126522140593,0.5078890284514974,0.49384058287181254,0.013442257410853253
0.43276273961995204,0.0493407576360243,0.22212779573035046,0.44233539135375366,0.34027497610000723
0.9004495990042221,0.03928507505098832,0.19820462923702947,0.8906798880389105,0.07762838890915724
0.3193418039018624,0.11532703553021198,0.3395983444161823,0.3657477029894895,0.3816873675830659
0.6959948701337834,0.14139377094871156,0.3760236308381583,0.7544921310264965,0.5727821822227048
0.3138203272623701,0.02737608090848991,0.1654571875395261,0.23282748486806176,0.7006811696623273
0.2615530463118,0.21490224251207202,0.46357549817917687,0.33698606315899793,0.3899289082110481
0.7008408895008554,0.04588147012272992,0.21419960346072053,0.7232682658908256,0.5990969416743199
0.22789197890735768,0.05553326150945122,0.23565496283645548,0.2880698327806943,0.4906835133732944
0.4931103229848808,0.024358689910807252,0.1560727071297453,0.48542379512356426,0.7664357436296925
0.5800284530205562,0.02236871430066959,0.1495617407650419,0.6092778574997753,0.5877427617712564
0.18890636475445843,0.1920783770886933,0.4382674720860462,0.21396488009925874,0.43783607766226995
0.7312406583584447,0.031922923019856254,0.1786698716064246,0.7953295863447645,0.6385092207879434
0.5484830646246303,0.045266126280837406,0.21275837534827485,0.5150208931940057,0.29096258302997946
0.6215032596259377,0.053142026119436726,0.2305255433123122,0.5884874381249312,0.9088264420164669
0.3721443167968299,0.0463209474177328,0.21522301786224632,0.3566569086403045,0.9033763378101743
0.42019325992063383,0.027285105096038282,0.16518203623892727,0.4849799441503441,0.2334322990184864
0.49482967791705623,0.25788118337472854,0.5078200304977429,0.5683629847040167,0.7060670264168413
0.46997091240616984,0.04640150896825366,0.2154100948615307,0.411655450806642,0.1308003910503046
0.6756392228496231,0.19933134084941673,0.4464653859476866,0.6999412780762239,0.6364104886734148
0.5771775044961992,0.0018299023377409086,0.042777357769512935,0.5733370991656189,0.9968178366638457
0.4162706429924663,0.044725147827262696,0.21148320932703546,0.40236233951115447,0.6671585706500965
0.0018023536068190182,0.23033675407854529,0.47993411431002203,0.02657303742861216,0.5260040308729813
0.7940310607755042,0.08263278351648172,0.2874591858272783,0.8849534813609148,0.34470201409991286
0.5193842211443356,0.1870054138725834,0.4324412259169833,0.5470367344570083,0.9911049994707315
0.32654466381127,0.019292235986315444,0.13889649378697594,0.3020319726033489,0.37767894372030886
0.49995502241119394,0.30983493262408723,0.556628181665362,0.46699199140188097,0.3833181760042399
0.09344593349461805,0.1028672025887925,0.32072917327363987,0.11725092120817665,0.49904376306594367
0.9047040725533528,0.075639076925539,0.27502559321913844,0.9164860706743501,0.7599106987891893
0.9897361675845034,0.08788574908330272,0.2964553070587584,1.0,0.10707899741018057
0.05873521751558297,0.1476977984503864,0.3843147127685673,0.12764045130675478,0.2688995497271145
0.3582312185913814,0.055098428565350153,0.23473054459390272,0.36998462982624475,0.5781133641796895
0.7300645778190835,0.012333073424527467,0.11105437147869267,0.7597794411241067,0.18764228544278916
0.3142381312178827,0.010010360028563271,0.10005178673348752,0.39725301092775767,0.5277289240200747
0.5670497583644489,0.025127407964533704,0.1585162703464023,0.6314477888865236,0.6469378827700287
0.4165709623150299,0.005954873750637293,0.07716782846910553,0.3710583884553626,0.2386682516627916
0.7742121576308749,0.134864387365914,0.36723886962835783,0.7023409226200453,0.27382917002029117
0.9584644009640338,0.1010026571962211,0.3178091521593126,0.8898596363351787,0.6493443254210072
0.8883954263166767,0.11124212556487985,0.333529797116959,0.8002454696078125,0.4312345249141296
0.6209354652000495,0.11876731862760075,0.34462634639214795,0.6399541476087319,0.37436721823371977
0.1602743126680698,0.014792144334344599,0.12162295973353304,0.09722883085031997,0.9289255253711827
0.9470620833116628,0.025749039720932062,0.16046507321199857,0.980720317385108,0.6244881839158534
0.023632428671776062,0.12376377482725914,0.35180076012888195,0.0,0.22135670994783363
0.29770945642086144,0.08172778346482483,0.2858807154475881,0.34494480484428647,0.21917686905636236
0.2816134931005958,0.12279801952212313,0.3504254835512439,0.31265341338122676,0.592716964546162
0.6718259817227047,0.04919040366151259,0.2217890972557321,0.6791081142845355,0.5716661703798632
0.48736306607251145,0.01440356282137143,0.12001484417092508,0.509284777718585,0.17522599588794086
0.09288854875744723,0.0578098856756989,0.24043686421948465,0.027629776667008027,0.10295397296496678
0.012857887744930352,0.009806662122602125,0.09902859244986836,0.0,0.2922276465500949
0.6043157467736379,0.21100376223263198,0.4593514582894366,0.5753417802474606,0.9092708740645292
0.4914833323409261,0.003115896663261015,0.055820217334412225,0.5119573586440163,0.7917078405887388
0.6013821213404011,0.133408385540658,0.365251126679519,0.5341827336029051,0.8995817474903898
0.5640238638655345,0.08361733427882698,0.2891666202707826,0.5946591644561058,0.6627390429468082
0.89045910829968,0.15383051264644598,0.3922123310739299,0.9182965658887544,0.8104313773297331
0.9183968578705968,0.024355179583564496,0.15606146091705184,0.9222205765522729,0.9775157148170672
0.188257161102365,0.03395600028363473,0.18427153953781014,0.1991002600538203,0.7904283860262306
0.9421208694705342,0.1692754681374646,0.41143100045750636,0.9352403224526324,0.2579597298125197
0.7877266263227836,0.06284452392512226,0.25068810088458976,0.7925885923753476,0.058376296665037075
0.6390262522229664,0.06020021327082363,0.24535731754081358,0.5731312129344697,0.7904716825670952
0.6596072674909493,0.1330127016993244,0.3647090644600493,0.7099416918650446,0.9480607758213249
0.5460602299006425,0.1804995725599844,0.4248524126799616,0.5607925871618087,0.32004049374492505
0.9172632996428407,0.06476441204356134,0.2544885302789918,0.9417052641611722,0.6387465812599438
0.23326320620013874,0.011017528101716363,0.10496441350151185,0.19319225147277921,0.2208488804840122
0.5993159922695809,0.22889747555294662,0.47843231031458006,0.5222953885342303,0.6360061309865884
0.8142430618716505,0.13640759574764888,0.36933398942914647,0.8733021633495779,0.0713313586990445
0.13476145162112996,0.1869026116101296,0.4323223468780322,0.05835839680577205,0.1293202955618643
0.615508274358867,0.019615324073495047,0.14005471814078613,0.5962130372298708,0.8288742362763957
0.40283347552957394,0.014354477151102154,0.11981017131738922,0.394580711472478,0.6154721872642045
0.7660363414662829,0.015212831834506575,0.12334030904171829,0.775835829765949,0.7193673934788453
0.06771436062054059,0.38497828485250035,0.6204661834882707,0.08139394405475779,0.37030068636105895
0.6068143810342034,0.34956308655798546,0.5912386037447026,0.6032027104260321,0.866271124012342
0.8570786899866468,0.04716894565248236,0.21718412845436555,0.7827641206159008,0.2965577470394033
0.6283478623630906,0.02713002125929023,0.16471193417384858,0.6118697012632184,0.13728406606845633
0.32133769545352076,0.03178943083525982,0.17829590807211426,0.3141498949741313,0.16445362367514182
0.6557960559218892,0.06553956752421392,0.25600696772590764,0.6800098471803685,0.14037321415807624
0.33815284273601076,0.15968915768163947,0.39961125820181725,0.347411049530849,0.6985567125990187
0.6685927884100901,0.16372277272679678,0.4046267078762804,0.722725076378349,0.9932252055294816
0.1283444014420535,0.048622183466346953,0.22050438423384455,0.16775337126176437,0.5283048813601022
0.2799917441958927,0.0916875675393265,0.30279955009762893,0.21352033717541813,0.26780164758624636
0.032718378196915365,0.02615873926398999,0.16173663550349374,0.03345053595902805,0.023723745232434812
0.08390938896269085,0.37616350592143505,0.6133216985574822,0.1033786854076086,0.7841647847201518
0.5547696198165065,0.0399035556629041,0.19975874364568902,0.5267928785091334,0.18002934119392855
0.23169822139230722,0.038699339466476426,0.1967214768815963,0.30466009414249495,0.7002830388550996
0.5160825876377318,0.26991136209235517,0.5195299434030296,0.48597435297113145,0.2732607548911682
0.659569533072841,0.17851935636631194,0.4225155102079827,0.5923681888016492,0.7761212087869205
0.8811861793495235,0.5841528128937816,0.7642989028474276,0.7898156402580778,0.625615901890162
0.35506101458853867,0.09358604907299602,0.30591836995021404,0.32916847348086087,0.44002889738340745
0.31867896643874516,0.02003411634230031,0.141541924327389,0.29303288775757264,0.2640328218050444
0.313666741563808,0.04922978622893128,0.22187786331432724,0.2924311895079457,0.5888801860473418
0.11784964452439528,0.07448635072245989,0.27292187659192857,0.004891162314815789,0.6940997834163811
0.6631833646572645,0.0036797532785619188,0.06066096997709416,0.6615735919785584,0.0357516491991513
0.8196545814372104,0.016511935960265577,0.12849877804969811,0.8750984049054029,0.30621021023301864
0.47300486086298876,0.135457796111271,0.36804591576496404,0.43881182348577763,0.7570780133926441
0.5582973969485474,0.09777279596645667,0.3126864179436911,0.5866682838081204,0.267793487138556
0.9584801136956184,0.08084817115038741,0.28433812820370646,0.9258013486254527,0.7270560896791899
0.6989151716524886,0.012796778231232254,0.11312284575289049,0.6561798338388283,0.40675624718942993
0.7450348866476518,0.2926786737811898,0.5409978500707648,0.8109618696537688,0.6847465261247883
0.8894983573045284,0.16587573780663795,0.40727845242123717,0.9245524252952001,0.9231648815594972
0.2157905760841189,0.00014445874308546063,0.012019099096249295,0.259106807404821,0.1669750346769494
0.6501660583206906,0.005049571694866725,0.07106033840945823,0.7661533301028945,0.9242131486641166
0.7173945053263936,0.20194319742827146,0.44938090461018865,0.716946942890831,0.889861889464295
0.8422279297235258,0.0044471473679658525,0.06668693551188158,0.8409871034410324,0.5096165492656809
0.34378554600189437,0.24750765644911354,0.49750141351468896,0.3506508518716356,0.04531798742506621
0.6887947057130477,0.2997364725538983,0.5474819381074578,0.7605635778667555,0.8082848626312512
0.6044006058026058,0.0779489056070305,0.2791933122534107,0.6516338122462044,0.5907739011885351
0.4093610338226653,0.24805764684030576,0.4980538593769812,0.3647736650841399,0.31348578701424246
0.10168575708216332,0.21746262775904956,0.46632888368516223,0.060550742974516736,0.04247830854743828
0.35304843378314044,0.25369412060555635,0.5036805739807287,0.3717782840609595,0.38668846567356063
0.9634847481204788,0.06612954183245702,0.2571566484313735,0.9888177072554619,0.07371396712457035
0.21652350161279854,0.1754886310962473,0.41891363202484505,0.24000208262692557,0.447952412485801
0.11363799358817561,0.0852574094827139,0.2919887146495801,0.14111649167862014,0.06499857997022174
0.36767942473700777,0.10822153884944645,0.3289704224538225,0.35813971234768394,0.6631987257746099
0.1009807921059821,0.037958263505739755,0.1948288056364863,0.13181618256244704,0.6233420301660672
0.2671989318362714,0.11716660062304106,0.3422960715857561,0.2994296454723829,0.231602010949728
0.9144561221029246,0.0265603908308582,0.16297358936606324,0.8697303445193594,0.6299657326601044
0.3187820814455795,0.0770873740867293,0.2776461310494517,0.25589781490282903,0.17487753941580964
0.5858895145468258,0.24759392544529557,0.4975881082233533,0.5977350063409208,0.12774692572516977
0.23874477955495155,0.017100637540860105,0.13076940598190429,0.2182876058132086,0.35899120030242737
0.6679799243985048,0.027099576339195817,0.16461948954846087,0.5959975833735491,0.18092587562436824
0.12765638766488252,0.19190801689239076,0.43807307254885086,0.16637812110864456,0.4657868324382244
0.7898093832755049,0.07064913942947178,0.26579905836829404,0.810897999526152,0.5669228613644604
0.4229460447715928,0.2942244897189034,0.5424246396679482,0.492681456494405,0.4631947978460753
0.1836603870914313,0.0779214640231218,0.279144163512551,0.18098762450054118,0.5388666102976292
0.758249565648491,0.001297843982958536,0.03602560177094251,0.7620295212917183,0.8477640353955044
0.5542825390272328,0.0770412615582619,0.2775630767199807,0.4820959546839001,0.9887877672135059
0.4381450103309691,0.16546024501255535,0.406768048170644,0.508676838084038,0.07337743953330733
0.24062604181377323,0.21925888109292646,0.46825087409734373,0.2714506597657416,0.6125911623349806
0.7813658931947177,0.00995149310208179,0.09975717068001573,0.8260393639639672,0.021478004296823672
0.36528505670346056,0.026935895297748577,0.16412158693404283,0.3527041944411746,0.5212882181540461
0.043090690634595696,0.1796205724527367,0.42381667316510413,0.04001432893174005,0.4018115521710828
0.96536926984468,0.022691949020900885,0.15063847125120755,0.9816226619328988,0.008600154853320663
0.03046480812489505,0.054211932618702594,0.23283456061912844,0.0,0.9337404532165636
0.12046907762387415,0.04012789909139943,0.20031949253979112,0.08135478139944208,0.39161882718124597
0.46581253099537934,0.031276652452521495,0.17685206374968174,0.5654241429009847,0.5087566173231831
0.20785494157193374,0.023896479401773238,0.15458486148964665,0.22466924244703546,0.7638743521745058
0.3351350375860954,0.10253937479786246,0.320217699070277,0.30023503988703415,0.5900512389895591
0.5675652419333407,0.0020279309303712773,0.04503255411778547,0.4959348165869085,0.8617828743380622
0.9578419522589532,0.11041806231055033,0.33229213398837826,0.8984936084327055,0.06442237717145183
0.9363122242578448,0.07439647965529096,0.2727571807584375,0.9522338283690996,0.028457148681264033
0.07389597584523522,0.07906949460872448,0.2811929846363961,0.025415460601720105,0.1841124000692418
0.8533136562599993,0.0746702733342775,0.273258619871867,0.7985288630932297,0.62763993123023
0.16782365513224518,0.019670200247069936,0.14025049107603843,0.15668996685750816,0.619714122583826
0.8114328725032335,0.352984621510849,0.5941250891107436,0.8287513072775868,0.18285937797212948
0.2963472178481993,0.1056806420633263,0.32508559190361896,0.35988983979376876,0.05531485650673329
0.7178343572828981,0.3009038220270298,0.5485470098606224,0.6760708193614202,0.5369984635606017
0.7187932050275267,0.20268742172080237,0.4502081981936828,0.6831758534641453,0.9026082085100231
0.850551259756355,0.0001,0.006399353216166814,0.8682621915135952,0.18492042236194917
0.9796258488514935,0.02118858129079232,0.14556298049570268,0.9545763053552925,0.42818288845966845
0.2754808528630017,0.06475739677898572,0.2544747468394177,0.3165951207991036,0.8359407285009517
0.6283084586743911,0.14406176100549756,0.37955468776646345,0.604126630470749,0.8157128120153085
0.7392607956370342,0.010994461188849789,0.10485447624612784,0.6719086668666846,0.617290658921639
0.07962933757560675,0.09256935545389304,0.3042521248140973,0.0431456907829175,0.7469735681992213
0.6629613377688489,0.015151730918536051,0.12309236742599458,0.5843655209112306,0.4322437830805347
0.32151551530824796,0.016379073814538243,0.12798075564137854,0.2940644168684032,0.7495290514080966
0.16146904266095086,0.10000293357088053,0.31623240436565087,0.18459828259672958,0.12987442828436058
0.5494715578347591,0.03306555360516572,0.18183936208963591,0.551131685208851,0.11509639363644575
0.46188359707756765,0.02920724230026937,0.1709012647708301,0.4550803960912585,0.5555617164306229
0.5770798329599061,0.11873892157824087,0.3445851441635882,0.5121491290055794,0.8092538982414589
0.6419175904033568,0.08761716247410221,0.2960019636321729,0.6029076617802754,0.9092783173963395
0.49866886134850175,0.013467489453977032,0.11604951294157607,0.4782699961955703,0.4601649611112387
0.9051507074391362,0.0551492531233833,0.23483878113161655,0.9164877437227016,0.5438935325670209
0.17791419839100442,0.1384965998976263,0.37215131317466327,0.3032717987248139,0.9909146998871746
0.28879164900942544,0.30029509295633816,0.5479918730750832,0.25341277529506945,0.9021640064803208
0.35622164118008504,0.017103041218639814,0.13077859617934356,0.40223166412545064,0.4977572271039221
0.774382020078661,0.028960010249549566,0.17017640920394803,0.7155227208220785,0.3117008104598715
0.6520981168659544,0.02725647244219192,0.16509534349033567,0.5990915668597042,0.26387997116457307
0.2064226800628115,0.1441954738870483,0.37973079133387155,0.10657323907107619,0.345353274790395
0.7444418905939161,0.024352404048036364,0.15605256821993146,0.7040225918509038,0.054015531829422314
0.7715370379067442,0.04146004297583381,0.20361739359846892,0.822409749269315,0.14095500087927504
0.7702414655724522,0.02924129672493063,0.17100086761455519,0.7677235340441395,0.5059869185589435
0.07837290492218618,0.12574243759891557,0.35460180146033604,0.13793691784793563,0.43547536852542423
0.21213914882577256,0.13619087406390418,0.3690404775412911,0.18570512614034704,0.2958513473617984
0.8953850271326209,0.10153079830223954,0.3186389780021263,0.9472097818487941,0.4844354245163892
0.8794320598717107,0.12105753837951537,0.3479332383942577,0.8501370851124009,0.31405102345589
0.20557265759667276,0.021479079496953695,0.14655742730054214,0.2483913298308152,0.9725658840418773
0.5513756583147158,0.017589495768767147,0.13262539639438273,0.6315549103036882,0.10887109070446732
0.26268325844768114,0.37731811545643895,0.6142622529965837,0.24970755073241546,0.27863491884630276
0.41628477156613086,0.07115807607854972,0.2667547114458332,0.34722635096744514,0.8438385227673738
0.02094484416240605,0.18206429360255483,0.4266899267648052,0.11125547231124489,0.41227010981993184
0.28176023673675177,0.11590023478080416,0.3404412354295586,0.2366920424787327,0.2455541920334552
0.27068090144591017,0.014892030172442278,0.12203290610504315,0.24083564270214664,0.8262423987313788
0.9191304909520741,0.08183952720828964,0.28607608639711507,0.9020317691590524,0.8908637505696071
0.5879702166328254,0.07607732358630034,0.27582118045266274,0.6321365961802956,0.11813192385422577
0.1775164934316158,0.04160571318543559,0.2039747856609625,0.21041781942233898,0.9307852316048255
0.4275645425413398,0.24735142597136806,0.49734437361989736,0.4587668281499396,0.3789841635002047
0.49293616218995406,0.03847325245806061,0.19614599781300818,0.4777020540801465,0.8206481549541109
0.6373601174260564,0.007031410670940786,0.08385350720715733,0.6261620482749151,0.8354170057952236
0.5324478498483587,0.25851963516608784,0.5084482620346812,0.5720352839618077,0.3050839599291679
0.42099270734434335,0.01373054514255798,0.11717740884043297,0.5028286519168105,0.49521294747632494
0.3107930117753044,0.0362274480622533,0.19033509414254982,0.246959225252788,0.34800707903423345
0.5749995088018878,0.06627219945316074,0.2574338739427287,0.6363197956186586,0.4895582505067957
0.9758320136707291,0.10384820535042684,0.3222548763795931,1.0,0.2610003007088809
0.5529869643862163,0.19393892285888314,0.4403849712000662,0.5849168302328048,0.2946599999677958
0.8870121467184444,0.11589642089639093,0.34043563399913196,0.8511620338668069,0.06137059155399993
0.015272435183649069,0.05649108387145554,0.23767853052275364,0.01936937232163853,0.11797979130873426
0.2030974028229966,0.01041327413237367,0.10204545130662938,0.22180521787086113,0.8030931617885309
0.8647679793230478,0.2781508094214859,0.5274000468538905,0.8320952026942314,0.4466491007131429
0.5694728969947693,0.09726935427580542,0.31188035250045076,0.627961069021081,0.27123787707806946
0.4875580786370386,0.015242005494433886,0.12345851730210389,0.4636021573918424,0.08045373933637501
0.36880428868132864,0.02538255437068231,0.159319033296974,0.4453851153987663,0.5494503015138884
0.29526571288950065,0.00802891720445349,0.08960422537165025,0.22012730994297885,0.6885615841517134
0.6788297965535495,0.06254783222201137,0.2500956461476516,0.6099339258003728,0.2797001042568641
0.3657350555800003,0.15096633018289496,0.3885438587635828,0.27075306164596835,0.36602159961551994
0.43523470740661496,0.07182240539181559,0.26799702496821787,0.4706797064567291,0.5963618083414856
0.7768482879275864,0.07463900532863305,0.2732014006710673,0.7313721459830462,0.6434384447613241
0.9461829725207951,0.05741104833362418,0.23960602733158484,0.9048537123176289,0.14434968421102523
0.9936568534146455,0.014049395902522044,0.11853014765249406,1.0,0.458824916232205
0.4849152370071329,0.0691938592533936,0.2630472566923928,0.5715176000393679,0.5244283014756668
0.1381690550005069,0.011868903306612756,0.10894449644939737,0.10017840917725054,0.40577360069275903
0.024923602435105274,0.047833709236637025,0.2187091887338916,0.0928881242797717,0.7246105931116671
0.49465670555808827,0.00691115920107659,0.08313338198988773,0.5213572824609843,0.6192935184106613
0.0763549914853281,0.002303310979408913,0.047992822165495885,0.07531549908490641,0.536207055584442
0.11771307998234448,0.009423445904502406,0.09707443486573798,0.057418711602630464,0.5612037401841955
0.23483907948984994,0.19178374008678192,0.43793120474200276,0.16381199025382281,0.9045756012277757
0.9919930979414978,0.16690530161617503,0.4085404528515812,0.9946660905259361,0.24739718700510338
0.16222855752056586,0.015735432627511075,0.12544095275272377,0.16838715569852575,0.8282087140739178
0.11013211899741604,0.06738359129221431,0.259583495800897,0.0750167239682138,0.45516215812060845
0.9159237744769517,0.005639365330919682,0.07509570780623671,0.8657797589934895,0.33005899621740165
0.6220697409528387,0.1399060655370289,0.37404019240855507,0.5556378714728024,0.7443291401456987
0.739900702350839,0.16211596038996348,0.40263626313331924,0.7571439523626945,0.851139725401267
0.3547334554703645,0.43119816607328093,0.6566568099649016,0.38798390541326255,0.596386752806117
0.9338325089891943,0.07432302039816491,0.27262248696350216,0.9693246745791118,0.9281105365010766
0.9761006353570684,0.07027169375718012,0.26508808678848644,1.0,0.24873152083988348
0.5584557017778705,0.23571236497106612,0.48550217813215435,0.5307363422722085,0.06563087405928936
0.9868402765278871,0.007700747347667987,0.08775390217915091,1.0,0.5805422474415951
0.505794352818757,0.26858298881538734,0.5182499289101614,0.4548323150677224,0.4583747875723645
0.43974028393442544,0.014730468304880465,0.12136914066137432,0.4677208931031823,0.07062604066718836
0.7854340014599015,0.025067127193142674,0.15832601552853742,0.7648160018256104,0.8386693695719071
0.6442476693303388,0.04975129667288474,0.22304998693764755,0.587844967987899,0.8746951056710125
0.2005303566832357,0.10261608207896054,0.32033745032225086,0.16765594454629512,0.4892802606856641
0.5149392859956807,0.3215386160581851,0.5670437514497317,0.5417533674570801,0.3192545140771966
0.01645945948648464,0.46874400636082025,0.6846488197322919,0.07039726168390144,0.0700320924370823
0.8756598515631787,0.11528170624972103,0.33953159830820023,0.8913583202324888,0.8642524321777186
0.5424458861963711,0.008135871037822593,0.0901990633977016,0.3952331302723195,0.9489800326543586
0.04618702854343115,0.015360423467012324,0.12393717548424413,0.08251598497265512,0.6814054117233161
0.9377589260828116,0.07784958899108509,0.2790153920325635,0.8309737197896913,0.3995923060155969
0.9994364677711847,0.06279382212251752,0.2505869552121928,1.0,0.1851006410668946
0.7373054252872605,0.13578269598369763,0.3684870363848607,0.7477420976062384,0.3976132292869795
0.43132345380885195,0.0023897435400909747,0.048885003222777584,0.43827606352419934,0.1472437523257022
0.5914192820348003,0.005249680102221745,0.07245467619292591,0.6412771236172168,0.9344446768045166
0.010231902156670136,0.03279532899524352,0.1810948066490133,0.0,0.06795705533625984
0.10844932301271404,0.013707458503380253,0.11707885591933435,0.09517913988419806,0.03033639680525746
0.33099943817048805,0.07990397281026008,0.2826729078108832,0.31151492850744944,0.022361069148131074
0.4112686884886242,0.052860966318536845,0.22991512851166807,0.4173328581574367,0.566054778509927
0.7559488323569789,0.019359177041917686,0.13913725971830007,0.7597364930766669,0.48254542238874354
0.17072977658825428,0.12201816474603401,0.3493109857219409,0.18177883821869223,0.35915941517110306
0.11610473609591099,0.07751403978710568,0.278413433201607,0.0,0.3135147098808535
0.6974639333086391,0.2246180299973182,0.47393884626322647,0.6923529591686609,0.21444474508409395
0.8880321199869642,0.088610584861979,0.2976753010613729,0.8077468464869616,0.5005311971457606
0.8796672522975737,0.09587866765761494,0.3096428065652663,1.0,0.0520291987642012
0.7419162010314087,0.019051864853821484,0.13802849290570945,0.7814024146674985,0.9264556789310714
0.9835673000846709,0.0195189812606734,0.139710347722255,1.0,0.8910149771822368
0.5220921065907778,0.19835238635794372,0.44536769792828906,0.5454809105645342,0.3647121160930784
0.7744687729754793,0.09121042732179678,0.302010641073782,0.8076938009875203,0.7489759938871923
0.4171774343880905,0.08811778756412056,0.2968464039939183,0.37183710627887634,0.30673184879981386
0.3532556606165881,0.133477207682001,0.36534532661853086,0.3923563938841914,0.17453121983737974
0.9108220921659664,0.08144381522674052,0.285383628168717,0.953406540746142,0.09110392709512527
0.43070700374480275,0.34037285668103423,0.5834148238440932,0.439411702570361,0.524703366113413
0.7464710369587361,0.049939258888863754,0.22347093522170564,0.7849152516207347,0.07285190780198236
0.4970226157004175,0.2164019487744075,0.46519022858870057,0.5499591327314886,0.8301419824605386
0.11221292406831795,0.06195957552575265,0.24891680442620312,0.11271967802725867,0.7833507432156199
0.1268760779065603,0.07686135734048138,0.27723880922497374,0.07064100806433746,0.9515678992863389
0.5101225863270002,0.0626682988785527,0.2503363714655797,0.551104157681985,0.9436800509465864
0.7076778979003703,0.06304341443387831,0.25108447668838135,0.7840763883128836,0.4118888030247755
0.7424842116732404,0.0008193800381308142,0.028624815075923446,0.6825810879594701,0.8076554047857915
0.3356970836114517,0.08519708440106769,0.29188539600512337,0.3940140821498174,0.6404636416709427
0.00921065799657117,0.14140491917552403,0.3760384543840218,0.02223420187214491,0.20186132350439223
0.5333564262211142,0.05714536210317815,0.23905096130988085,0.5642023864146445,0.5214985995706065
0.18956699187220505,0.1446068116459512,0.38027202322278614,0.23197379046982777,0.2610087289346258
0.32011996751753846,0.06342730309080807,0.25184777761736965,0.2669964618014502,0.14149853345759944
0.5664491371813656,0.16839621304743618,0.4103610764283525,0.5811270883920387,0.7591010153786009
0.3918329723107977,0.0564362643359677,0.2375631796722036,0.44305965670071684,0.6310067160684165
0.4590016363424163,0.000986530052426551,0.03140907595626702,0.5304248255209949,0.34686719426239054
0.050458948610459076,0.03906111848711997,0.19763885874776743,0.09426937920199899,0.6098242921860235
0.18301541483209494,0.39880116921852976,0.6315070618912585,0.1363972317189085,0.21745996310493387
0.8418955837519252,0.477811668203426,0.6912392264646343,0.8522372595117915,0.5323416478260252
0.5118814273652947,0.2096146159301808,0.45783688790898097,0.499565769404267,0.3470308521722604
0.8851177060251493,0.036732555540915465,0.19165739104171137,0.8884139901025486,0.09091380375351432
0.8573010008865969,0.18608781737044955,0.4313789718686454,0.9131208965172766,0.8477796954621497
0.19316997569865946,0.08512569311558811,0.2917630770258432,0.1234087346699892,0.9398853650693841
0.3995968392250302,0.10588102793285539,0.3253936507260942,0.425903501656669,0.3738209195112523
0.5257783000795696,0.02101964861579648,0.14498154577668318,0.5482749059083704,0.2803305007273128
0.09751514963535424,0.05046149979836923,0.22463637238517103,0.048969133154603696,0.08801841407447797
0.08535616172648453,0.006673120544055692,0.08168917029848995,0.14197677387240254,0.4905026141011035
0.841486558403682,0.03991514405107415,0.19978774749987585,0.8122356110084914,0.7488343384738742
0.8267136201588152,0.050940823280231966,0.2257007383245167,0.8290778165103091,0.2632455961047625
0.38328936307170336,0.00834474522381726,0.09134957703140864,0.2534085145752012,0.9722593232273928
0.7065846822128775,0.40491553705493144,0.6363297392507531,0.7628732834583475,0.6266882994722522
0.5179331099356654,0.24267832756543942,0.4926239210243849,0.503897458272258,0.92952810144445
0.7476535197594388,0.023085881598026936,0.15194038830418638,0.7319402502851359,0.9212245587605139
0.3151851034187104,0.08090881033749169,0.28444474039344037,0.3886119464453182,0.6603586056130883
0.47403622225949027,0.0766031925565907,0.27677281758978917,0.37707464997011253,0.22938494836370138
0.8929563307131257,0.019646587807517876,0.14016628627283337,0.9367200295029229,0.6437911725271503
0.8166440705290728,0.06815310312190058,0.26106149298948816,0.8697800370563891,0.3375830554157644
0.30996375517120167,0.012238089999339757,0.1106259011232892,0.20999670454638583,0.5058004870580507
0.8817710808483114,0.13978059775060403,0.3738724351307596,0.8951091829068197,0.3917678745391089
0.3987189364419349,0.08973799021275683,0.29956299873775605,0.37964176011600803,0.015832364792718323
0.6823799448443975,0.0029284299114913704,0.05411496938455542,0.6296175390868454,0.3945069243565177
0.7115105508132997,0.11295535403402528,0.3360883128495028,0.6466623949042167,0.07021490427893995
0.40168496892501016,0.010211890104012309,0.10105389702536122,0.43822987503259336,0.9282938459212243
0.8270938070133592,0.067220657848515,0.2592694695649972,0.8861014137964542,0.27152397749447454
0.4653517170757224,0.0107664554367085,0.1037615315842461,0.4089607811175593,0.028242385319847685
0.9606887020277379,0.18742023529269528,0.43292058774409803,0.9131361958979599,0.4199633329024225
0.9366989347480371,0.13756563515146272,0.37089841621589964,0.9782867411751168,0.7231851916390736
0.9002654171528618,0.3481073647739306,0.5900062413008278,1.0,0.9529163020241035
0.9083534610543227,0.07371966567280054,0.2715136565125234,0.83001076031886,0.40666593364264836
0.14704654594174182,0.04280960016832847,0.20690480943740402,0.07347901347349789,0.3665328776069623
0.6483341011050769,0.03053665695592089,0.17474740901060848,0.593436476752853,0.0836531527380866
0.7411145400827215,0.3225070420610624,0.5678970347352259,0.6869976702019777,0.9923014412823417
0.5287591672457896,0.14889215112417328,0.38586545728294114,0.5878861046671463,0.04079126848280967
0.5292209856627658,0.4015030804997219,0.6336427072883597,0.4772773197592161,0.037088726345991585
0.20143090853695012,0.08087690602427845,0.28438865312153094,0.3154385874886299,0.014906669914510284
0.16078650452811283,0.11155178606127839,0.3339936916489268,0.1846108279011291,0.6845888373828296
0.7831343292771509,0.05836157160755056,0.24158139747826313,0.8354395679311377,0.2677619924964899
0.1496055765932932,0.09657205742938033,0.3107604502335848,0.182009351674967,0.8485806330133602
0.7281969713021883,0.08456763613810747,0.2908051514985721,0.6756532257391022,0.7526298078674488
0.07706848791542142,0.2255491991359486,0.47492020291407755,0.005949889043113402,0.7951987764769105
0.41225211081351676,0.1861141869715641,0.43140953509578817,0.4609994213330277,0.16522198364746998
0.024011331493556054,0.03687131603039893,0.19201905121731783,0.08685826932771983,0.6827551767537668
0.6603726714939671,0.11972687744832287,0.3460157184989186,0.6829703516734199,0.9674337712033735
0.2929158759379945,0.05144995495340702,0.2268258251465362,0.2936565253321744,0.8382138644298567
0.46770008428541465,0.03185453941642423,0.17847840041983856,0.473435295366289,0.20322814779596743
0.2864487199904745,0.0015960471808752499,0.03995055920603928,0.2985304272086777,0.05832302732806993
0.5157744326426499,0.22913330958434036,0.4786787122740475,0.4469748294586175,0.5006413000681712
0.6576467600079774,0.08193225286493752,0.28623810519380105,0.66148895446216,0.21459834409375056
0.16691335878547553,0.3554555225740129,0.5962009078943212,0.1677381768980825,0.018701841357587345
0.7770490207042496,0.33297002967182276,0.5770355532129912,0.6862706506942293,0.17135900595800557
0.7825153662907529,0.018107769578533245,0.13456511278386105,0.6444600668420799,0.3768787737113095
0.9421656316593494,0.025542002979350123,0.15981865654344027,0.9295382153139382,0.6682497090830265
0.38069524000658606,0.04915110989568988,0.2217004959301848,0.27596982175690365,0.16449233493043158
0.8731312620415899,0.034707502856501704,0.18629949773550572,0.7526497885890947,0.21763370924786973
0.09368549297431539,0.07125936008500601,0.2669444887706169,0.004933663319436135,0.1866832459232931
0.993906309433891,0.030848873497228365,0.1756384738524802,1.0,0.7961878036368296
0.21220747485396863,0.09660416676191529,0.3108121084544733,0.21013322728787007,0.20722862333757142
0.3738491444106369,0.03567094984946712,0.1888675457813415,0.37814295066043835,0.1157082110292762
0.0935034547745921,0.18416739033732096,0.4291472828031432,0.18124846435820074,0.8439824949727927
0.8351417342075574,0.0781717027735632,0.27959202916671855,0.8622791147685178,0.7046646154172543
0.4859329784263382,0.04881810781096318,0.22094820164681853,0.5658302280744295,0.13800346304277666
0.9624014436858985,0.0038680431520773883,0.062193594140211805,0.9724825668216819,0.294804988213919
0.14461570487334963,0.2164539989418428,0.46524617026026427,0.20004129415463312,0.9442983950856034
0.8918217642332203,0.037606495159580165,0.1939239416874053,0.9730921154789256,0.20134844585004685
0.35954611893234156,0.04509478000209231,0.21235531545523487,0.4624401105318727,0.806885412351171
0.2362906836924623,0.029243548687626485,0.17100745214062013,0.22519585280075796,0.4937621506430334
0.6571231551575867,0.013986284429608796,0.11826362259633685,0.5951430138026896,0.7794148786730442
0.030188469259489592,0.017508529028756336,0.13231979832495339,0.03334645542806144,0.3149475560026308
0.5254697248274498,0.07157547390818965,0.26753593012563687,0.5957373281718749,0.39799691454179675
0.4736051880661374,0.03337666685744742,0.1826928210342361,0.5553461781474963,0.12519737685005894
0.04850513258211875,0.0038937694571565557,0.06240007577845203,0.055240453611427466,0.6886105434261578
0.4341822332207885,0.05745946167854173,0.23970703301851978,0.45358843266646925,0.960003935650335
0.3049191826586233,0.10604312783550866,0.3256426382332459,0.38742264118604197,0.35945070559791714
0.24864819916465264,0.3054462620443058,0.5526719298501651,0.25788515462117995,0.3815501048663049
0.9302937489130779,0.09501599916240744,0.3082466531244215,0.9653390281053484,0.7421139615809893
0.5982968449905018,0.10596711410277536,0.32552590388903824,0.6463883328718844,0.6695955708474819
0.1541575029427562,0.09145122963491602,0.3024090435732966,0.14275943884772593,0.7699768794110953
0.7571316253352183,0.29118512546655934,0.5396157201810927,0.7131038995454283,0.15685365417061403
0.36956669018657895,0.42611240218126306,0.6527728564985397,0.4975246879432974,0.8303128323821888
0.5988506638162991,0.01613052878851724,0.12700601870981248,0.5686293629596202,0.9127331735921869
0.3799349341788377,0.030494283920239687,0.1746261261101548,0.3248272999032662,0.6789050236922086
0.6385458531009636,0.5375944366987899,0.7332083173960794,0.6252477273082577,0.035763081158902255
0.681937037573606,0.18681225431379742,0.43221783201737224,0.6901690667835433,0.5701484698530722
0.28353426632010625,0.10110177018711557,0.31796504554292687,0.29873654620371887,0.46628548201278397
0.8310576876132559,0.45721385054573827,0.6761759020741114,0.8142096920932491,0.9393466755303184
0.6181307496852578,0.09934240427546649,0.3151863009006998,0.6440964779543888,0.5500125593192325
0.6052685945074544,0.18351090107588974,0.4283817235549268,0.694228565780305,0.4663616932093766
0.21800593004626811,0.0916721047831228,0.3027740160303106,0.2009051503598964,0.4732700950050912
0.25396254580418,0.084360362006603,0.2904485531150104,0.25621263189240506,0.2728359012092202
0.3953770523791057,0.2766594293805066,0.5259842482247036,0.4677781821161073,0.9635933302839939
0.03387269818171201,0.33781698921586806,0.5812202587796369,0.0,0.6595283832558284
0.054731143300722596,0.01898460561672054,0.13778463490796258,0.0,0.7072793290950382
0.662682068619064,0.1305972387021112,0.361382399546673,0.6266231522523038,0.6264297327160501
0.3164785602685367,0.05275347586079296,0.22968124838739656,0.31067706717831345,0.16943654404683794
0.720244476030497,0.02188796482910036,0.14794581720718014,0.7668290547030896,0.6873055547765891
0.07482644255422188,0.07359643934612746,0.2712866368734875,0.0,0.20481601718990305
0.7401312499629299,0.024218634776026152,0.15562337477392704,0.705167870475019,0.13761250583783924
0.21417883012053884,0.06986676213763961,0.2643232152831824,0.1562204209139818,0.44340932242409425
0.8695515555783495,0.23679002825040688,0.48661075640639806,0.7869356286954567,0.5118316409508115
0.9065322424574986,0.02007369315639028,0.14168166132704077,0.839544030561507,0.5422949041125233
0.6893133058623288,0.004729592589892464,0.06877203348667585,0.7281862723836645,0.9375367559408669
0.3942866712901717,0.0036310090832144285,0.06025785495032518,0.39951566793221266,0.3492987544860454
0.025647897127963226,0.019201698709917815,0.1385701941613629,0.03380490414818441,0.7236020560768396
0.7611131728418318,0.05288049955855682,0.22995760382852493,0.7931775534999683,0.31333704050011013
0.562817570968351,0.4879003985451539,0.6984986746910504,0.585570335241251,0.7859457941780083
0.08229124940952703,0.048976360100903116,0.22130603268077242,0.10458838648729685,0.6387564331140076
0.5707371869026688,0.038545153736431,0.19632919736104204,0.6700263202224722,0.4384723002295364
0.006155669335288327,0.00856591198428214,0.09255221220631163,0.04106962240713218,0.40910704101850526
0.4513766078981988,0.037432947313530106,0.19347596055719715,0.3093953919366166,0.45429561047342426
0.613256681670192,0.15466487701876544,0.39327455679050155,0.6429271711879555,0.5632591842270689
0.8026586252465906,0.008031405241045978,0.0896181077742996,0.8531469500722044,0.8293085450319205
0.2906059077682427,0.014893960620388893,0.12204081538726662,0.3165123682268212,0.22249109458507743
0.23204551611998447,0.06293751833816648,0.25087351063467517,0.20071570088551047,0.3113149852239231
0.33109368071345846,0.42819204969911706,0.6543638511555456,0.27732376710350254,0.7315614253394324
0.05919464671039454,0.04711429938207262,0.21705828567938296,0.06154920323069075,0.3926453379728958
0.9314994667781543,0.05489637559390598,0.23429975585541266,0.9669232877684316,0.6396616815623615
0.8806350809002281,0.1354832411065797,0.36808048183322584,0.9260428218808945,0.9842324692357007
0.6021361701813102,0.01257244196620857,0.11212690117098827,0.5059169502643664,0.5174189713173639
0.07458742422196396,0.2598192326332882,0.5097246635520869,0.0920959958828648,0.8549754267364619
0.08362765145734896,0.05591893069946508,0.23647183912564532,0.15045747728140935,0.021147734745887492
0.9320824085782379,0.09879633245577278,0.31431883884961903,0.9722704574997271,0.6521314356554866
0.12499955865727308,0.006574407359068181,0.08108271923824571,0.258068483832986,0.6513154870113212
0.14566874185476875,0.3177814208432406,0.5637210487849825,0.10922903772508306,0.5358777397339192
0.7854702016115908,0.07243745496872898,0.2691420720896846,0.7221537542077175,0.08151000842146361
0.3015314021630472,0.022461274206812366,0.14987085843089165,0.3476838210860298,0.24814366161422552
0.4115541827996497,0.1414760085747401,0.3761329666151853,0.4901871168400609,0.596669540572286
0.4100234308800571,0.08601062209350159,0.2932756759322218,0.3572621955517086,0.03456228928197658
0.70006605596892,0.10410994076804374,0.32266072083233766,0.7025367869464046,0.5141915764743342
0.47233225860496875,0.07876125510823104,0.28064435698625945,0.48478603537645143,0.5550486363309303
0.8122050151262458,0.17195838910003466,0.41467865763749484,0.8341429455669905,0.9884657839560992
0.4959391441876757,0.09875859182856575,0.3142587975356708,0.5616095084213523,0.9717743975884057
0.29045961628587613,0.23932050730114085,0.48920395266303895,0.4129933132942006,0.5824734150473301
0.19457688761579417,0.021115483246891862,0.14531167622352947,0.164756855571988,0.9098682049711998
0.7550132519180535,0.010660765266018559,0.1032509819130964,0.7388209789292933,0.615038903048537
0.2195079915141478,0.05215140398681061,0.22836681892694177,0.1412643098428932,0.5695672978216467
0.6089078108765937,0.02398529180314462,0.1548718560718655,0.6494578844671994,0.3874572153730521
0.6014041791288685,0.09989469511010109,0.31606122050973146,0.5426759356737105,0.7740678154761791
0.9632475898482437,0.014080354677927428,0.1186606703079307,0.9698348812854699,0.16102066843420038
0.08962073043795493,0.032538563054078234,0.18038448673341684,0.11373940793142032,0.1852600492843709
0.2075204227297318,0.019337642841848628,0.13905985345112595,0.2768431779343676,0.6522781451980666
0.6615530572198147,0.0041482678202465735,0.06440704790817985,0.658855078150012,0.7450530687014779
0.33089948499767685,0.005817656843192421,0.07627356582193087,0.30555757320892857,0.08492127036947439
0.12858287186718842,0.02564267652199603,0.16013330859629432,0.09529845207292104,0.9924694057190442
0.895368602951573,0.16325650841512127,0.40405013106682847,0.9464697547088283,0.7933165938675243
0.7314763939923757,0.11436764332376882,0.3381828548637095,0.7135275094769513,0.21739730075985442
0.2225521522559719,0.012357960973330284,0.11116636619648176,0.22546591403081076,0.7634833050803306
0.09521030422128629,0.18366745472677942,0.4285644114095096,0.13475448255539701,0.15812463676327282
0.8424122866034477,0.1856921085451739,0.43092007210754746,0.909830841258618,0.7815991131355482
0.5699619505238555,0.2054735742928995,0.4532919305402419,0.6300138000131127,0.2934382358195565
0.9295786250874855,0.006521976647115712,0.08075875585418409,0.8563922242995905,0.19849693050340145
0.5171815371217462,0.44886867462967023,0.6699766224501197,0.46051229520006703,0.37348089560882314
0.23087836206189072,0.34906088176102334,0.5908137454063026,0.24945500889305805,0.5832008890859783
0.13356210614198927,0.26505246988459785,0.5148324677840335,0.16342421315963024,0.5871018570612616
0.41791291612573434,0.1084075907041363,0.3292530800222472,0.43216766882532937,0.3517664111484614
0.6840174887857596,0.0202051907215169,0.14214496375713387,0.7518353597429367,0.7408821283361202
0.0043001907504852666,0.023805898938020934,0.15429160358885682,0.08428278283545415,0.4771410334741113
0.3953518057604567,0.007358779820346066,0.08578333066712941,0.39142160621399175,0.43910536568983327
0.4038284511492043,0.03736759289471087,0.1933069913239324,0.41317389511476255,0.6808141814254879
0.6710113104026503,0.1355350427337959,0.36815084236464257,0.7275296730098263,0.7135293136593531
0.1949619252207303,0.0983290961207845,0.313574705805147,0.24009518169452063,0.9749996379412056
0.8760714488267184,0.06733628215184806,0.2594923547078951,0.823936401621585,0.0650756780347983
0.32508812283388366,0.04215327876800973,0.2053126366495977,0.25782726337789896,0.9621626285715615
0.8268079808374883,0.24709685414628554,0.49708837659543553,0.7351483438063702,0.2165901434079629
0.8276226232184107,0.014527907459517191,0.12053176950297043,0.82679956787022,0.1221497817542131
0.8848800971002195,0.016498209768140013,0.12844535712955923,0.8540083803729549,0.6658685758184791
0.25882907767580354,0.015994419732071868,0.12646904653737162,0.22328513812650247,0.24213214219154744
0.8398657742651049,0.013313691017669374,0.11538496876833383,0.7598413533060897,0.6499316463586162
0.23050736777684355,0.34143219145926423,0.5843219929621546,0.227296125714028,0.4497407644646173
0.3994430020003472,0.20574810152945444,0.4535946445114343,0.32074625331802026,0.9727013736068412
0.17768312108581985,0.0004488934075372806,0.02118710474645558,0.1165828543742542,0.7694590044241827
0.484130910594359,0.012997705243397537,0.11400747889238468,0.4650424932627104,0.4519584896602902
0.07519442630360906,0.23953001264220908,0.4894180346515738,0.09849807345024914,0.671536835082995
0.9568421661505032,0.013369426517485072,0.11562623628521804,0.9578196225808548,0.04613427240186907
0.012996611642042799,0.10161435865647618,0.31877007177035327,0.047679380418148974,0.5226492946993019
0.4965961443363097,0.028126455851800257,0.1677094387677696,0.4923750867303113,0.8187243705794174
0.8380952953924874,0.3203787418590612,0.5660200896249719,0.815495067099901,0.5047622712841348
0.13251492264908082,0.18976179433318768,0.4356165680196148,0.1148601631860077,0.42160092999482723
0.5971018283213804,0.0023742612742337615,0.04872639196814968,0.5499850639972204,0.25657356236961704
0.5310825299332868,0.2548333976405207,0.5048102590484079,0.5316336231143246,0.46023015723858596
0.7575365645348388,0.037386930088089396,0.1933570016526151,0.8170588520673481,0.7800919024003075
0.6985947417360271,0.029721945377664483,0.17240053763739974,0.7353754097670725,0.713520598757417
0.8250134678055777,0.023998396625335965,0.15491415889238777,0.8608590551502755,0.13386118632871502
0.79328366533945,0.11356779417604028,0.33699821093893106,0.8114786892976845,0.32728363018615414
0.5828599453946457,0.020768181544704657,0.14411169815356648,0.5935106654383762,0.39599336834205323
0.3499641877600487,0.14715537215998808,0.38360835778172,0.3540126656320566,0.4075962137430885
0.10742835312995902,0.07252006522963918,0.26929549797506674,0.05150557358993246,0.9622150146738344
0.16381779297574706,0.07962951808245693,0.28218702677915036,0.10559261014663515,0.8098184342124395
