exp_name,family,model,dim,lr,epochs,seed,run_dir,val_precision@5,val_recall@5,val_ndcg@5,val_precision@10,val_recall@10,val_ndcg@10,val_precision@20,val_recall@20,val_ndcg@20,test_precision@5,test_recall@5,test_ndcg@5,test_precision@10,test_recall@10,test_ndcg@10,test_precision@20,test_recall@20,test_ndcg@20,benchmark_family,method,batch_size,num_episodes,horizon,avg_cumulative_reward,n,mismatch_scale,clip,ips,snips,dr,ips_low,ips_high,snips_low,snips_high,dr_low,dr_high
mf_d16_lr0.001_ep2_s11,ranking,mf,16.0,0.001,2.0,11.0,runs/mf_d16_lr0.001_ep2_s11_20260309_185347,0.012,0.06,0.047737056144690836,0.008,0.08,0.054403722811357504,0.009,0.18,0.0789675367854797,0.016,0.08,0.06773705614469083,0.016,0.16,0.09350039487156005,0.012,0.24,0.11410617038001547,ranking,,,,,,,,,,,,,,,,,
mf_d16_lr0.001_ep2_s22,ranking,mf,16.0,0.001,2.0,22.0,runs/mf_d16_lr0.001_ep2_s22_20260309_185351,0.012,0.06,0.025474112289381665,0.01,0.1,0.038907553567256684,0.007000000000000001,0.14,0.04895679359936318,0.016,0.08,0.04385072130432617,0.01,0.1,0.04963201783068392,0.01,0.2,0.07460882428868841,ranking,,,,,,,,,,,,,,,,,
mf_d16_lr0.001_ep2_s33,ranking,mf,16.0,0.001,2.0,33.0,runs/mf_d16_lr0.001_ep2_s33_20260309_185354,0.012,0.06,0.04035565121611999,0.012,0.12,0.059570389020352756,0.013000000000000001,0.26,0.093726723559365,0.02,0.1,0.05845918855583273,0.014000000000000002,0.14,0.07143515275821398,0.013000000000000001,0.26,0.10233337620333352,ranking,,,,,,,,,,,,,,,,,
mf_d16_lr0.001_ep4_s11,ranking,mf,16.0,0.001,4.0,11.0,runs/mf_d16_lr0.001_ep4_s11_20260309_185357,0.012,0.06,0.047737056144690836,0.008,0.08,0.054403722811357504,0.009,0.18,0.0789675367854797,0.016,0.08,0.06773705614469083,0.016,0.16,0.09350039487156005,0.012,0.24,0.1140180993159856,ranking,,,,,,,,,,,,,,,,,
mf_d16_lr0.001_ep4_s22,ranking,mf,16.0,0.001,4.0,22.0,runs/mf_d16_lr0.001_ep4_s22_20260309_185400,0.012,0.06,0.024087643450849527,0.01,0.1,0.03752108472872455,0.007000000000000001,0.14,0.04757032476083104,0.016,0.08,0.04385072130432617,0.01,0.1,0.04963201783068392,0.01,0.2,0.0748349739425202,ranking,,,,,,,,,,,,,,,,,
mf_d16_lr0.001_ep4_s33,ranking,mf,16.0,0.001,4.0,33.0,runs/mf_d16_lr0.001_ep4_s33_20260309_185403,0.012,0.06,0.04035565121611999,0.012,0.12,0.059570389020352756,0.013000000000000001,0.26,0.09391155613439675,0.02,0.1,0.05845918855583273,0.014000000000000002,0.14,0.07143515275821398,0.013000000000000001,0.26,0.10233337620333352,ranking,,,,,,,,,,,,,,,,,
mf_d16_lr0.0005_ep2_s11,ranking,mf,16.0,0.0005,2.0,11.0,runs/mf_d16_lr0.0005_ep2_s11_20260309_185406,0.012,0.06,0.047737056144690836,0.008,0.08,0.054403722811357504,0.009,0.18,0.0789675367854797,0.016,0.08,0.06773705614469083,0.016,0.16,0.09350039487156005,0.012,0.24,0.11410617038001547,ranking,,,,,,,,,,,,,,,,,
mf_d16_lr0.0005_ep2_s22,ranking,mf,16.0,0.0005,2.0,22.0,runs/mf_d16_lr0.0005_ep2_s22_20260309_185409,0.012,0.06,0.025474112289381665,0.01,0.1,0.038907553567256684,0.007000000000000001,0.14,0.04895679359936318,0.016,0.08,0.04385072130432617,0.01,0.1,0.04963201783068392,0.01,0.2,0.07460882428868841,ranking,,,,,,,,,,,,,,,,,
mf_d16_lr0.0005_ep2_s33,ranking,mf,16.0,0.0005,2.0,33.0,runs/mf_d16_lr0.0005_ep2_s33_20260309_185412,0.012,0.06,0.04035565121611999,0.012,0.12,0.059570389020352756,0.013000000000000001,0.26,0.093726723559365,0.02,0.1,0.05845918855583273,0.016,0.16,0.0774557526714936,0.013000000000000001,0.26,0.10285573120772813,ranking,,,,,,,,,,,,,,,,,
mf_d16_lr0.0005_ep4_s11,ranking,mf,16.0,0.0005,4.0,11.0,runs/mf_d16_lr0.0005_ep4_s11_20260309_185416,0.012,0.06,0.047737056144690836,0.008,0.08,0.054403722811357504,0.009,0.18,0.0789675367854797,0.016,0.08,0.06773705614469083,0.016,0.16,0.09350039487156005,0.012,0.24,0.11410617038001547,ranking,,,,,,,,,,,,,,,,,
mf_d16_lr0.0005_ep4_s22,ranking,mf,16.0,0.0005,4.0,22.0,runs/mf_d16_lr0.0005_ep4_s22_20260309_185419,0.012,0.06,0.025474112289381665,0.01,0.1,0.038907553567256684,0.007000000000000001,0.14,0.04895679359936318,0.016,0.08,0.04385072130432617,0.01,0.1,0.04963201783068392,0.01,0.2,0.07460882428868841,ranking,,,,,,,,,,,,,,,,,
mf_d16_lr0.0005_ep4_s33,ranking,mf,16.0,0.0005,4.0,33.0,runs/mf_d16_lr0.0005_ep4_s33_20260309_185422,0.012,0.06,0.04035565121611999,0.012,0.12,0.059570389020352756,0.013000000000000001,0.26,0.093726723559365,0.02,0.1,0.05845918855583273,0.014000000000000002,0.14,0.07143515275821398,0.013000000000000001,0.26,0.10233337620333352,ranking,,,,,,,,,,,,,,,,,
mf_d64_lr0.001_ep2_s11,ranking,mf,64.0,0.001,2.0,11.0,runs/mf_d64_lr0.001_ep2_s11_20260309_185425,0.012,0.06,0.042618595071429156,0.01,0.1,0.05640940548025626,0.008,0.16,0.07121782615017973,0.008,0.04,0.02123212623289701,0.01,0.1,0.041232126232897,0.012,0.24,0.07557730185325744,ranking,,,,,,,,,,,,,,,,,
mf_d64_lr0.001_ep2_s22,ranking,mf,64.0,0.001,2.0,22.0,runs/mf_d64_lr0.001_ep2_s22_20260309_185429,0.012,0.06,0.041232126232897015,0.008,0.08,0.04835626997505745,0.01,0.2,0.07919235265919769,0.02,0.1,0.051587777449017,0.016,0.16,0.07051567005616072,0.014000000000000002,0.28,0.10006459634515853,ranking,,,,,,,,,,,,,,,,,
mf_d64_lr0.001_ep2_s33,ranking,mf,64.0,0.001,2.0,33.0,runs/mf_d64_lr0.001_ep2_s33_20260309_185432,0.008,0.04,0.017737056144690833,0.004,0.04,0.017737056144690833,0.01,0.2,0.057997509180204396,0.004,0.02,0.01,0.012,0.12,0.043820394419505755,0.013000000000000001,0.26,0.07870533526410259,ranking,,,,,,,,,,,,,,,,,
mf_d64_lr0.001_ep4_s11,ranking,mf,64.0,0.001,4.0,11.0,runs/mf_d64_lr0.001_ep4_s11_20260309_185435,0.012,0.06,0.042618595071429156,0.01,0.1,0.05640940548025626,0.008,0.16,0.07121782615017973,0.008,0.04,0.02123212623289701,0.01,0.1,0.04058605947950997,0.012,0.24,0.0749312350998704,ranking,,,,,,,,,,,,,,,,,
mf_d64_lr0.001_ep4_s22,ranking,mf,64.0,0.001,4.0,22.0,runs/mf_d64_lr0.001_ep4_s22_20260309_185438,0.012,0.06,0.041232126232897015,0.008,0.08,0.04835626997505745,0.01,0.2,0.07919235265919769,0.02,0.1,0.051587777449017,0.016,0.16,0.07051567005616072,0.014000000000000002,0.28,0.10006459634515853,ranking,,,,,,,,,,,,,,,,,
mf_d64_lr0.001_ep4_s33,ranking,mf,64.0,0.001,4.0,33.0,runs/mf_d64_lr0.001_ep4_s33_20260309_185442,0.008,0.04,0.017737056144690833,0.004,0.04,0.017737056144690833,0.01,0.2,0.05767459801537072,0.004,0.02,0.01,0.012,0.12,0.043820394419505755,0.013000000000000001,0.26,0.07870533526410259,ranking,,,,,,,,,,,,,,,,,
mf_d64_lr0.0005_ep2_s11,ranking,mf,64.0,0.0005,2.0,11.0,runs/mf_d64_lr0.0005_ep2_s11_20260309_185445,0.012,0.06,0.03861353116146786,0.01,0.1,0.05240434157029497,0.008,0.16,0.06721276224021844,0.008,0.04,0.02123212623289701,0.01,0.1,0.041232126232897,0.012,0.24,0.07557730185325744,ranking,,,,,,,,,,,,,,,,,
mf_d64_lr0.0005_ep2_s22,ranking,mf,64.0,0.0005,2.0,22.0,runs/mf_d64_lr0.0005_ep2_s22_20260309_185448,0.012,0.06,0.048613531161467854,0.008,0.08,0.055737674903628305,0.01,0.2,0.08657375758776854,0.02,0.1,0.051587777449017,0.016,0.16,0.07051567005616072,0.014000000000000002,0.28,0.10026834701379589,ranking,,,,,,,,,,,,,,,,,
mf_d64_lr0.0005_ep2_s33,ranking,mf,64.0,0.0005,2.0,33.0,runs/mf_d64_lr0.0005_ep2_s33_20260309_185451,0.008,0.04,0.017737056144690833,0.004,0.04,0.017737056144690833,0.01,0.2,0.05782882411203696,0.004,0.02,0.01,0.012,0.12,0.043820394419505755,0.013000000000000001,0.26,0.07870533526410259,ranking,,,,,,,,,,,,,,,,,
mf_d64_lr0.0005_ep4_s11,ranking,mf,64.0,0.0005,4.0,11.0,runs/mf_d64_lr0.0005_ep4_s11_20260309_185454,0.012,0.06,0.03861353116146786,0.01,0.1,0.05240434157029497,0.008,0.16,0.06721276224021844,0.008,0.04,0.02123212623289701,0.01,0.1,0.04058605947950997,0.012,0.24,0.0749312350998704,ranking,,,,,,,,,,,,,,,,,
mf_d64_lr0.0005_ep4_s22,ranking,mf,64.0,0.0005,4.0,22.0,runs/mf_d64_lr0.0005_ep4_s22_20260309_185458,0.012,0.06,0.041232126232897015,0.008,0.08,0.04835626997505745,0.01,0.2,0.07919235265919769,0.02,0.1,0.051587777449017,0.016,0.16,0.07051567005616072,0.014000000000000002,0.28,0.10006459634515853,ranking,,,,,,,,,,,,,,,,,
mf_d64_lr0.0005_ep4_s33,ranking,mf,64.0,0.0005,4.0,33.0,runs/mf_d64_lr0.0005_ep4_s33_20260309_185501,0.008,0.04,0.017737056144690833,0.004,0.04,0.017737056144690833,0.01,0.2,0.057997509180204396,0.004,0.02,0.01,0.012,0.12,0.043820394419505755,0.013000000000000001,0.26,0.07870533526410259,ranking,,,,,,,,,,,,,,,,,
ncf_d16_lr0.001_ep2_s11,ranking,ncf,16.0,0.001,2.0,11.0,runs/ncf_d16_lr0.001_ep2_s11_20260309_185504,0.004,0.02,0.01,0.006,0.06,0.021801896439637383,0.011,0.22,0.06122091972709077,0.004,0.02,0.00861353116146786,0.012,0.12,0.0391021643959812,0.009,0.18,0.054427748068395294,ranking,,,,,,,,,,,,,,,,,
ncf_d16_lr0.001_ep2_s22,ranking,ncf,16.0,0.001,2.0,22.0,runs/ncf_d16_lr0.001_ep2_s22_20260309_185508,0.016,0.08,0.03635058730615869,0.012,0.12,0.0501413977149858,0.009,0.18,0.06539438841572967,0.02,0.1,0.055474112289381663,0.014000000000000002,0.14,0.06780400973837587,0.009,0.18,0.07827587949376298,ranking,,,,,,,,,,,,,,,,,
ncf_d16_lr0.001_ep2_s33,ranking,ncf,16.0,0.001,2.0,33.0,runs/ncf_d16_lr0.001_ep2_s33_20260309_185511,0.016,0.08,0.058613531161467856,0.012,0.12,0.0706547309880271,0.01,0.2,0.09037508059392069,0.02,0.1,0.05261859507142916,0.018,0.18,0.07708662839266286,0.013000000000000001,0.26,0.09777670953369473,ranking,,,,,,,,,,,,,,,,,
ncf_d16_lr0.001_ep4_s11,ranking,ncf,16.0,0.001,4.0,11.0,runs/ncf_d16_lr0.001_ep4_s11_20260309_185514,0.008,0.04,0.017737056144690833,0.01,0.1,0.03555955249760784,0.009,0.18,0.05572068242672211,0.004,0.02,0.00861353116146786,0.004,0.04,0.014922828697182436,0.009,0.18,0.04951046150428254,ranking,,,,,,,,,,,,,,,,,
ncf_d16_lr0.001_ep4_s22,ranking,ncf,16.0,0.001,4.0,22.0,runs/ncf_d16_lr0.001_ep4_s22_20260309_185517,0.004,0.02,0.01,0.01,0.1,0.03501716402894049,0.011,0.22,0.06451125355976467,0.012,0.06,0.041232126232897015,0.014000000000000002,0.14,0.0668248330813615,0.013000000000000001,0.26,0.09594262112831502,ranking,,,,,,,,,,,,,,,,,
ncf_d16_lr0.001_ep4_s33,ranking,ncf,16.0,0.001,4.0,33.0,runs/ncf_d16_lr0.001_ep4_s33_20260309_185521,0.012,0.06,0.047737056144690836,0.01,0.1,0.061170497422565855,0.008,0.16,0.07669442100730856,0.012,0.06,0.03385072130432616,0.014000000000000002,0.14,0.06032879829309957,0.012,0.24,0.08484539723035578,ranking,,,,,,,,,,,,,,,,,
ncf_d16_lr0.0005_ep2_s11,ranking,ncf,16.0,0.0005,2.0,11.0,runs/ncf_d16_lr0.0005_ep2_s11_20260309_185524,0.004,0.02,0.01,0.008,0.08,0.028111193975351955,0.008,0.16,0.048188522534033724,0.008,0.04,0.018613531161467863,0.01,0.1,0.037082094267771905,0.011,0.22,0.06720866285856017,ranking,,,,,,,,,,,,,,,,,
ncf_d16_lr0.0005_ep2_s22,ranking,ncf,16.0,0.0005,2.0,22.0,runs/ncf_d16_lr0.0005_ep2_s22_20260309_185527,0.008,0.04,0.017737056144690833,0.01,0.1,0.03695179394892361,0.009,0.18,0.056534064965015285,0.012,0.06,0.026350587306158694,0.012,0.12,0.04680806438165247,0.01,0.2,0.06731404578314021,ranking,,,,,,,,,,,,,,,,,
ncf_d16_lr0.0005_ep2_s33,ranking,ncf,16.0,0.0005,2.0,33.0,runs/ncf_d16_lr0.0005_ep2_s33_20260309_185531,0.016,0.08,0.037227062322935725,0.008,0.08,0.037227062322935725,0.011,0.22,0.07315677963769858,0.02,0.1,0.06523719014285831,0.014000000000000002,0.14,0.0781426304113765,0.015,0.3,0.11793504857013776,ranking,,,,,,,,,,,,,,,,,
ncf_d16_lr0.0005_ep4_s11,ranking,ncf,16.0,0.0005,4.0,11.0,runs/ncf_d16_lr0.0005_ep4_s11_20260309_185534,0.004,0.02,0.01,0.006,0.06,0.021801896439637383,0.011,0.22,0.06142590831530328,0.004,0.02,0.00861353116146786,0.012,0.12,0.0391021643959812,0.009,0.18,0.05435358877913918,ranking,,,,,,,,,,,,,,,,,
ncf_d16_lr0.0005_ep4_s22,ranking,ncf,16.0,0.0005,4.0,22.0,runs/ncf_d16_lr0.0005_ep4_s22_20260309_185537,0.016,0.08,0.03635058730615869,0.012,0.12,0.0501413977149858,0.009,0.18,0.0652873992580942,0.02,0.1,0.055474112289381663,0.014000000000000002,0.14,0.06780400973837587,0.01,0.2,0.08282928446770203,ranking,,,,,,,,,,,,,,,,,
ncf_d16_lr0.0005_ep4_s33,ranking,ncf,16.0,0.0005,4.0,33.0,runs/ncf_d16_lr0.0005_ep4_s33_20260309_185541,0.016,0.08,0.058613531161467856,0.012,0.12,0.0706547309880271,0.012,0.24,0.09948189054179883,0.02,0.1,0.05261859507142916,0.016,0.16,0.07130533186630511,0.013000000000000001,0.26,0.09699541300733695,ranking,,,,,,,,,,,,,,,,,
ncf_d64_lr0.001_ep2_s11,ranking,ncf,64.0,0.001,2.0,11.0,runs/ncf_d64_lr0.001_ep2_s11_20260309_185544,0.016,0.08,0.03635058730615869,0.012,0.12,0.04949533096159876,0.014000000000000002,0.28,0.08972607491277343,0.008,0.04,0.01722706232293572,0.008,0.08,0.030132502591453926,0.008,0.16,0.05020983115013569,ranking,,,,,,,,,,,,,,,,,
ncf_d64_lr0.001_ep2_s22,ranking,ncf,64.0,0.001,2.0,22.0,runs/ncf_d64_lr0.001_ep2_s22_20260309_185547,0.0,0.0,0.0,0.006,0.06,0.02002958401067865,0.009,0.18,0.04963712975609649,0.008,0.04,0.017737056144690833,0.006,0.06,0.024861199886851273,0.007000000000000001,0.14,0.04546697539530669,ranking,,,,,,,,,,,,,,,,,
ncf_d64_lr0.001_ep2_s33,ranking,ncf,64.0,0.001,2.0,33.0,runs/ncf_d64_lr0.001_ep2_s33_20260309_185551,0.016,0.08,0.037227062322935725,0.016,0.16,0.06111955282464544,0.01,0.2,0.0714065900050008,0.02,0.1,0.05420637252044615,0.016,0.16,0.0736604137116008,0.016,0.32,0.11401278946562662,ranking,,,,,,,,,,,,,,,,,
ncf_d64_lr0.001_ep4_s11,ranking,ncf,64.0,0.001,4.0,11.0,runs/ncf_d64_lr0.001_ep4_s11_20260309_185554,0.012,0.06,0.030355651216119984,0.016,0.16,0.05998004400867437,0.01,0.2,0.07081189362244085,0.008,0.04,0.027737056144690832,0.012,0.12,0.053111589304583415,0.011,0.22,0.07814903537247042,ranking,,,,,,,,,,,,,,,,,
ncf_d64_lr0.001_ep4_s22,ranking,ncf,64.0,0.001,4.0,22.0,runs/ncf_d64_lr0.001_ep4_s22_20260309_185557,0.008,0.04,0.016350587306158695,0.008,0.08,0.029256027574676893,0.009,0.18,0.054213911097297715,0.012,0.06,0.028969182377587846,0.008,0.08,0.03527847991330242,0.01,0.2,0.06569541434040965,ranking,,,,,,,,,,,,,,,,,
ncf_d64_lr0.001_ep4_s33,ranking,ncf,64.0,0.001,4.0,33.0,runs/ncf_d64_lr0.001_ep4_s33_20260309_185601,0.012,0.06,0.03861353116146786,0.014000000000000002,0.14,0.06554908522573503,0.012,0.24,0.08990141203861715,0.02,0.1,0.06496411846762656,0.014000000000000002,0.14,0.07810886212306663,0.012,0.24,0.10312370596920786,ranking,,,,,,,,,,,,,,,,,
ncf_d64_lr0.0005_ep2_s11,ranking,ncf,64.0,0.0005,2.0,11.0,runs/ncf_d64_lr0.0005_ep2_s11_20260309_185604,0.012,0.06,0.03861353116146786,0.012,0.12,0.05772816102115895,0.013000000000000001,0.26,0.092162641092629,0.004,0.02,0.02,0.006,0.06,0.03314474365544007,0.012,0.24,0.07707238868666548,ranking,,,,,,,,,,,,,,,,,
ncf_d64_lr0.0005_ep2_s22,ranking,ncf,64.0,0.0005,2.0,22.0,runs/ncf_d64_lr0.0005_ep2_s22_20260309_185607,0.004,0.02,0.00861353116146786,0.006,0.06,0.020654730988027108,0.005,0.1,0.030282295251222294,0.008,0.04,0.016350587306158695,0.004,0.04,0.016350587306158695,0.006,0.12,0.03700677477786306,ranking,,,,,,,,,,,,,,,,,
ncf_d64_lr0.0005_ep2_s33,ranking,ncf,64.0,0.0005,2.0,33.0,runs/ncf_d64_lr0.0005_ep2_s33_20260309_185611,0.02,0.1,0.06896918237758784,0.014000000000000002,0.14,0.08077107881722523,0.012,0.24,0.10559513213529849,0.016,0.08,0.053850721304326166,0.014000000000000002,0.14,0.0752231525308075,0.014000000000000002,0.28,0.10935831366212373,ranking,,,,,,,,,,,,,,,,,
ncf_d64_lr0.0005_ep4_s11,ranking,ncf,64.0,0.0005,4.0,11.0,runs/ncf_d64_lr0.0005_ep4_s11_20260309_185614,0.016,0.08,0.03635058730615869,0.012,0.12,0.04949533096159876,0.015,0.3,0.0945860255679087,0.008,0.04,0.01722706232293572,0.008,0.08,0.030132502591453926,0.008,0.16,0.050328991646332,ranking,,,,,,,,,,,,,,,,,
ncf_d64_lr0.0005_ep4_s22,ranking,ncf,64.0,0.0005,4.0,22.0,runs/ncf_d64_lr0.0005_ep4_s22_20260309_185617,0.0,0.0,0.0,0.006,0.06,0.020557585020035463,0.009,0.18,0.05007705970142345,0.008,0.04,0.017737056144690833,0.006,0.06,0.024861199886851273,0.007000000000000001,0.14,0.045638114172337846,ranking,,,,,,,,,,,,,,,,,
ncf_d64_lr0.0005_ep4_s33,ranking,ncf,64.0,0.0005,4.0,33.0,runs/ncf_d64_lr0.0005_ep4_s33_20260309_185621,0.016,0.08,0.039845657394364874,0.016,0.16,0.06373814789607458,0.009,0.18,0.06914291098462098,0.02,0.1,0.05508284753722318,0.02,0.2,0.08657808855493707,0.016,0.32,0.11618668575922632,ranking,,,,,,,,,,,,,,,,,
drr_lr0.001_bs64_s11,rl,,,0.001,,11.0,runs/drr_lr0.001_bs64_s11_20260309_185624,,,,,,,,,,,,,,,,,,,rl,drr,64.0,50.0,20.0,1.329426451527776,,,,,,,,,,,,
drr_lr0.001_bs64_s11,rl,,,0.001,,11.0,runs/drr_lr0.001_bs64_s11_20260309_185624,,,,,,,,,,,,,,,,,,,rl,drr,64.0,100.0,50.0,4.069965598264858,,,,,,,,,,,,
drr_lr0.001_bs64_s11,rl,,,0.001,,11.0,runs/drr_lr0.001_bs64_s11_20260309_185624,,,,,,,,,,,,,,,,,,,rl,drr,64.0,200.0,100.0,8.308915322048598,,,,,,,,,,,,
drr_lr0.001_bs64_s22,rl,,,0.001,,22.0,runs/drr_lr0.001_bs64_s22_20260309_185629,,,,,,,,,,,,,,,,,,,rl,drr,64.0,50.0,20.0,2.053173520438822,,,,,,,,,,,,
drr_lr0.001_bs64_s22,rl,,,0.001,,22.0,runs/drr_lr0.001_bs64_s22_20260309_185629,,,,,,,,,,,,,,,,,,,rl,drr,64.0,100.0,50.0,4.473592573770864,,,,,,,,,,,,
drr_lr0.001_bs64_s22,rl,,,0.001,,22.0,runs/drr_lr0.001_bs64_s22_20260309_185629,,,,,,,,,,,,,,,,,,,rl,drr,64.0,200.0,100.0,9.321261005248612,,,,,,,,,,,,
drr_lr0.001_bs64_s33,rl,,,0.001,,33.0,runs/drr_lr0.001_bs64_s33_20260309_185633,,,,,,,,,,,,,,,,,,,rl,drr,64.0,50.0,20.0,1.1778139938645193,,,,,,,,,,,,
drr_lr0.001_bs64_s33,rl,,,0.001,,33.0,runs/drr_lr0.001_bs64_s33_20260309_185633,,,,,,,,,,,,,,,,,,,rl,drr,64.0,100.0,50.0,3.7579197745061377,,,,,,,,,,,,
drr_lr0.001_bs64_s33,rl,,,0.001,,33.0,runs/drr_lr0.001_bs64_s33_20260309_185633,,,,,,,,,,,,,,,,,,,rl,drr,64.0,200.0,100.0,7.361337461653252,,,,,,,,,,,,
drr_lr0.001_bs64_s44,rl,,,0.001,,44.0,runs/drr_lr0.001_bs64_s44_20260309_185638,,,,,,,,,,,,,,,,,,,rl,drr,64.0,50.0,20.0,2.033108535684149,,,,,,,,,,,,
drr_lr0.001_bs64_s44,rl,,,0.001,,44.0,runs/drr_lr0.001_bs64_s44_20260309_185638,,,,,,,,,,,,,,,,,,,rl,drr,64.0,100.0,50.0,4.861567845345268,,,,,,,,,,,,
drr_lr0.001_bs64_s44,rl,,,0.001,,44.0,runs/drr_lr0.001_bs64_s44_20260309_185638,,,,,,,,,,,,,,,,,,,rl,drr,64.0,200.0,100.0,10.560919189602673,,,,,,,,,,,,
drr_lr0.001_bs64_s55,rl,,,0.001,,55.0,runs/drr_lr0.001_bs64_s55_20260309_185643,,,,,,,,,,,,,,,,,,,rl,drr,64.0,50.0,20.0,0.5637352055908561,,,,,,,,,,,,
drr_lr0.001_bs64_s55,rl,,,0.001,,55.0,runs/drr_lr0.001_bs64_s55_20260309_185643,,,,,,,,,,,,,,,,,,,rl,drr,64.0,100.0,50.0,2.0290328901854258,,,,,,,,,,,,
drr_lr0.001_bs64_s55,rl,,,0.001,,55.0,runs/drr_lr0.001_bs64_s55_20260309_185643,,,,,,,,,,,,,,,,,,,rl,drr,64.0,200.0,100.0,3.4396823608397358,,,,,,,,,,,,
drr_lr0.001_bs128_s11,rl,,,0.001,,11.0,runs/drr_lr0.001_bs128_s11_20260309_185648,,,,,,,,,,,,,,,,,,,rl,drr,128.0,50.0,20.0,1.0441132807118159,,,,,,,,,,,,
drr_lr0.001_bs128_s11,rl,,,0.001,,11.0,runs/drr_lr0.001_bs128_s11_20260309_185648,,,,,,,,,,,,,,,,,,,rl,drr,128.0,100.0,50.0,3.356682671224958,,,,,,,,,,,,
drr_lr0.001_bs128_s11,rl,,,0.001,,11.0,runs/drr_lr0.001_bs128_s11_20260309_185648,,,,,,,,,,,,,,,,,,,rl,drr,128.0,200.0,100.0,6.525708004448852,,,,,,,,,,,,
drr_lr0.001_bs128_s22,rl,,,0.001,,22.0,runs/drr_lr0.001_bs128_s22_20260309_185653,,,,,,,,,,,,,,,,,,,rl,drr,128.0,50.0,20.0,1.7961471063586436,,,,,,,,,,,,
drr_lr0.001_bs128_s22,rl,,,0.001,,22.0,runs/drr_lr0.001_bs128_s22_20260309_185653,,,,,,,,,,,,,,,,,,,rl,drr,128.0,100.0,50.0,3.99166804737053,,,,,,,,,,,,
drr_lr0.001_bs128_s22,rl,,,0.001,,22.0,runs/drr_lr0.001_bs128_s22_20260309_185653,,,,,,,,,,,,,,,,,,,rl,drr,128.0,200.0,100.0,8.518053461248055,,,,,,,,,,,,
drr_lr0.001_bs128_s33,rl,,,0.001,,33.0,runs/drr_lr0.001_bs128_s33_20260309_185658,,,,,,,,,,,,,,,,,,,rl,drr,128.0,50.0,20.0,1.3830593606985415,,,,,,,,,,,,
drr_lr0.001_bs128_s33,rl,,,0.001,,33.0,runs/drr_lr0.001_bs128_s33_20260309_185658,,,,,,,,,,,,,,,,,,,rl,drr,128.0,100.0,50.0,3.898700513655155,,,,,,,,,,,,
drr_lr0.001_bs128_s33,rl,,,0.001,,33.0,runs/drr_lr0.001_bs128_s33_20260309_185658,,,,,,,,,,,,,,,,,,,rl,drr,128.0,200.0,100.0,6.78245761468569,,,,,,,,,,,,
drr_lr0.001_bs128_s44,rl,,,0.001,,44.0,runs/drr_lr0.001_bs128_s44_20260309_185703,,,,,,,,,,,,,,,,,,,rl,drr,128.0,50.0,20.0,2.0470104393816904,,,,,,,,,,,,
drr_lr0.001_bs128_s44,rl,,,0.001,,44.0,runs/drr_lr0.001_bs128_s44_20260309_185703,,,,,,,,,,,,,,,,,,,rl,drr,128.0,100.0,50.0,4.8963226045891215,,,,,,,,,,,,
drr_lr0.001_bs128_s44,rl,,,0.001,,44.0,runs/drr_lr0.001_bs128_s44_20260309_185703,,,,,,,,,,,,,,,,,,,rl,drr,128.0,200.0,100.0,10.647806087712308,,,,,,,,,,,,
drr_lr0.001_bs128_s55,rl,,,0.001,,55.0,runs/drr_lr0.001_bs128_s55_20260309_185707,,,,,,,,,,,,,,,,,,,rl,drr,128.0,50.0,20.0,1.1600034513728013,,,,,,,,,,,,
drr_lr0.001_bs128_s55,rl,,,0.001,,55.0,runs/drr_lr0.001_bs128_s55_20260309_185707,,,,,,,,,,,,,,,,,,,rl,drr,128.0,100.0,50.0,3.147035851026572,,,,,,,,,,,,
drr_lr0.001_bs128_s55,rl,,,0.001,,55.0,runs/drr_lr0.001_bs128_s55_20260309_185707,,,,,,,,,,,,,,,,,,,rl,drr,128.0,200.0,100.0,5.303020628908311,,,,,,,,,,,,
drr_lr0.001_bs256_s11,rl,,,0.001,,11.0,runs/drr_lr0.001_bs256_s11_20260309_185712,,,,,,,,,,,,,,,,,,,rl,drr,256.0,50.0,20.0,1.1111548896241847,,,,,,,,,,,,
drr_lr0.001_bs256_s11,rl,,,0.001,,11.0,runs/drr_lr0.001_bs256_s11_20260309_185712,,,,,,,,,,,,,,,,,,,rl,drr,256.0,100.0,50.0,3.52428669350588,,,,,,,,,,,,
drr_lr0.001_bs256_s11,rl,,,0.001,,11.0,runs/drr_lr0.001_bs256_s11_20260309_185712,,,,,,,,,,,,,,,,,,,rl,drr,256.0,200.0,100.0,6.944718060151157,,,,,,,,,,,,
drr_lr0.001_bs256_s22,rl,,,0.001,,22.0,runs/drr_lr0.001_bs256_s22_20260309_185717,,,,,,,,,,,,,,,,,,,rl,drr,256.0,50.0,20.0,1.7821065533155542,,,,,,,,,,,,
drr_lr0.001_bs256_s22,rl,,,0.001,,22.0,runs/drr_lr0.001_bs256_s22_20260309_185717,,,,,,,,,,,,,,,,,,,rl,drr,256.0,100.0,50.0,4.208340927091942,,,,,,,,,,,,
drr_lr0.001_bs256_s22,rl,,,0.001,,22.0,runs/drr_lr0.001_bs256_s22_20260309_185717,,,,,,,,,,,,,,,,,,,rl,drr,256.0,200.0,100.0,9.744317909036825,,,,,,,,,,,,
drr_lr0.001_bs256_s33,rl,,,0.001,,33.0,runs/drr_lr0.001_bs256_s33_20260309_185722,,,,,,,,,,,,,,,,,,,rl,drr,256.0,50.0,20.0,1.0671555646040287,,,,,,,,,,,,
drr_lr0.001_bs256_s33,rl,,,0.001,,33.0,runs/drr_lr0.001_bs256_s33_20260309_185722,,,,,,,,,,,,,,,,,,,rl,drr,256.0,100.0,50.0,2.714061278300731,,,,,,,,,,,,
drr_lr0.001_bs256_s33,rl,,,0.001,,33.0,runs/drr_lr0.001_bs256_s33_20260309_185722,,,,,,,,,,,,,,,,,,,rl,drr,256.0,200.0,100.0,4.8080588890949825,,,,,,,,,,,,
drr_lr0.001_bs256_s44,rl,,,0.001,,44.0,runs/drr_lr0.001_bs256_s44_20260309_185727,,,,,,,,,,,,,,,,,,,rl,drr,256.0,50.0,20.0,2.102901019632516,,,,,,,,,,,,
drr_lr0.001_bs256_s44,rl,,,0.001,,44.0,runs/drr_lr0.001_bs256_s44_20260309_185727,,,,,,,,,,,,,,,,,,,rl,drr,256.0,100.0,50.0,5.036049055216186,,,,,,,,,,,,
drr_lr0.001_bs256_s44,rl,,,0.001,,44.0,runs/drr_lr0.001_bs256_s44_20260309_185727,,,,,,,,,,,,,,,,,,,rl,drr,256.0,200.0,100.0,10.997122214279965,,,,,,,,,,,,
drr_lr0.001_bs256_s55,rl,,,0.001,,55.0,runs/drr_lr0.001_bs256_s55_20260309_185732,,,,,,,,,,,,,,,,,,,rl,drr,256.0,50.0,20.0,1.9220938198268038,,,,,,,,,,,,
drr_lr0.001_bs256_s55,rl,,,0.001,,55.0,runs/drr_lr0.001_bs256_s55_20260309_185732,,,,,,,,,,,,,,,,,,,rl,drr,256.0,100.0,50.0,4.250650906112438,,,,,,,,,,,,
drr_lr0.001_bs256_s55,rl,,,0.001,,55.0,runs/drr_lr0.001_bs256_s55_20260309_185732,,,,,,,,,,,,,,,,,,,rl,drr,256.0,200.0,100.0,7.4294222097454465,,,,,,,,,,,,
drr_lr0.0005_bs64_s11,rl,,,0.0005,,11.0,runs/drr_lr0.0005_bs64_s11_20260309_185736,,,,,,,,,,,,,,,,,,,rl,drr,64.0,50.0,20.0,1.0441132807118159,,,,,,,,,,,,
drr_lr0.0005_bs64_s11,rl,,,0.0005,,11.0,runs/drr_lr0.0005_bs64_s11_20260309_185736,,,,,,,,,,,,,,,,,,,rl,drr,64.0,100.0,50.0,3.356682671224958,,,,,,,,,,,,
drr_lr0.0005_bs64_s11,rl,,,0.0005,,11.0,runs/drr_lr0.0005_bs64_s11_20260309_185736,,,,,,,,,,,,,,,,,,,rl,drr,64.0,200.0,100.0,6.525708004448852,,,,,,,,,,,,
drr_lr0.0005_bs64_s22,rl,,,0.0005,,22.0,runs/drr_lr0.0005_bs64_s22_20260309_185741,,,,,,,,,,,,,,,,,,,rl,drr,64.0,50.0,20.0,2.053173520438822,,,,,,,,,,,,
drr_lr0.0005_bs64_s22,rl,,,0.0005,,22.0,runs/drr_lr0.0005_bs64_s22_20260309_185741,,,,,,,,,,,,,,,,,,,rl,drr,64.0,100.0,50.0,4.473592573770864,,,,,,,,,,,,
drr_lr0.0005_bs64_s22,rl,,,0.0005,,22.0,runs/drr_lr0.0005_bs64_s22_20260309_185741,,,,,,,,,,,,,,,,,,,rl,drr,64.0,200.0,100.0,9.321261005248612,,,,,,,,,,,,
drr_lr0.0005_bs64_s33,rl,,,0.0005,,33.0,runs/drr_lr0.0005_bs64_s33_20260309_185746,,,,,,,,,,,,,,,,,,,rl,drr,64.0,50.0,20.0,1.5774829084884499,,,,,,,,,,,,
drr_lr0.0005_bs64_s33,rl,,,0.0005,,33.0,runs/drr_lr0.0005_bs64_s33_20260309_185746,,,,,,,,,,,,,,,,,,,rl,drr,64.0,100.0,50.0,4.263244665761234,,,,,,,,,,,,
drr_lr0.0005_bs64_s33,rl,,,0.0005,,33.0,runs/drr_lr0.0005_bs64_s33_20260309_185746,,,,,,,,,,,,,,,,,,,rl,drr,64.0,200.0,100.0,7.390031201529152,,,,,,,,,,,,
drr_lr0.0005_bs64_s44,rl,,,0.0005,,44.0,runs/drr_lr0.0005_bs64_s44_20260309_185751,,,,,,,,,,,,,,,,,,,rl,drr,64.0,50.0,20.0,1.975556945814685,,,,,,,,,,,,
drr_lr0.0005_bs64_s44,rl,,,0.0005,,44.0,runs/drr_lr0.0005_bs64_s44_20260309_185751,,,,,,,,,,,,,,,,,,,rl,drr,64.0,100.0,50.0,4.717688870671609,,,,,,,,,,,,
drr_lr0.0005_bs64_s44,rl,,,0.0005,,44.0,runs/drr_lr0.0005_bs64_s44_20260309_185751,,,,,,,,,,,,,,,,,,,rl,drr,64.0,200.0,100.0,10.201221752918526,,,,,,,,,,,,
drr_lr0.0005_bs64_s55,rl,,,0.0005,,55.0,runs/drr_lr0.0005_bs64_s55_20260309_185756,,,,,,,,,,,,,,,,,,,rl,drr,64.0,50.0,20.0,0.5637352055908561,,,,,,,,,,,,
drr_lr0.0005_bs64_s55,rl,,,0.0005,,55.0,runs/drr_lr0.0005_bs64_s55_20260309_185756,,,,,,,,,,,,,,,,,,,rl,drr,64.0,100.0,50.0,2.0290328901854258,,,,,,,,,,,,
drr_lr0.0005_bs64_s55,rl,,,0.0005,,55.0,runs/drr_lr0.0005_bs64_s55_20260309_185756,,,,,,,,,,,,,,,,,,,rl,drr,64.0,200.0,100.0,3.4396823608397358,,,,,,,,,,,,
drr_lr0.0005_bs128_s11,rl,,,0.0005,,11.0,runs/drr_lr0.0005_bs128_s11_20260309_185801,,,,,,,,,,,,,,,,,,,rl,drr,128.0,50.0,20.0,1.0441132807118159,,,,,,,,,,,,
drr_lr0.0005_bs128_s11,rl,,,0.0005,,11.0,runs/drr_lr0.0005_bs128_s11_20260309_185801,,,,,,,,,,,,,,,,,,,rl,drr,128.0,100.0,50.0,3.356682671224958,,,,,,,,,,,,
drr_lr0.0005_bs128_s11,rl,,,0.0005,,11.0,runs/drr_lr0.0005_bs128_s11_20260309_185801,,,,,,,,,,,,,,,,,,,rl,drr,128.0,200.0,100.0,6.525708004448852,,,,,,,,,,,,
drr_lr0.0005_bs128_s22,rl,,,0.0005,,22.0,runs/drr_lr0.0005_bs128_s22_20260309_185806,,,,,,,,,,,,,,,,,,,rl,drr,128.0,50.0,20.0,1.7103683353138615,,,,,,,,,,,,
drr_lr0.0005_bs128_s22,rl,,,0.0005,,22.0,runs/drr_lr0.0005_bs128_s22_20260309_185806,,,,,,,,,,,,,,,,,,,rl,drr,128.0,100.0,50.0,3.916104940751891,,,,,,,,,,,,
drr_lr0.0005_bs128_s22,rl,,,0.0005,,22.0,runs/drr_lr0.0005_bs128_s22_20260309_185806,,,,,,,,,,,,,,,,,,,rl,drr,128.0,200.0,100.0,8.731501839847148,,,,,,,,,,,,
drr_lr0.0005_bs128_s33,rl,,,0.0005,,33.0,runs/drr_lr0.0005_bs128_s33_20260309_185811,,,,,,,,,,,,,,,,,,,rl,drr,128.0,50.0,20.0,1.30326683549739,,,,,,,,,,,,
drr_lr0.0005_bs128_s33,rl,,,0.0005,,33.0,runs/drr_lr0.0005_bs128_s33_20260309_185811,,,,,,,,,,,,,,,,,,,rl,drr,128.0,100.0,50.0,3.599478544150836,,,,,,,,,,,,
drr_lr0.0005_bs128_s33,rl,,,0.0005,,33.0,runs/drr_lr0.0005_bs128_s33_20260309_185811,,,,,,,,,,,,,,,,,,,rl,drr,128.0,200.0,100.0,6.283754332178489,,,,,,,,,,,,
drr_lr0.0005_bs128_s44,rl,,,0.0005,,44.0,runs/drr_lr0.0005_bs128_s44_20260309_185815,,,,,,,,,,,,,,,,,,,rl,drr,128.0,50.0,20.0,2.102901019632516,,,,,,,,,,,,
drr_lr0.0005_bs128_s44,rl,,,0.0005,,44.0,runs/drr_lr0.0005_bs128_s44_20260309_185815,,,,,,,,,,,,,,,,,,,rl,drr,128.0,100.0,50.0,5.036049055216186,,,,,,,,,,,,
drr_lr0.0005_bs128_s44,rl,,,0.0005,,44.0,runs/drr_lr0.0005_bs128_s44_20260309_185815,,,,,,,,,,,,,,,,,,,rl,drr,128.0,200.0,100.0,10.997122214279965,,,,,,,,,,,,
drr_lr0.0005_bs128_s55,rl,,,0.0005,,55.0,runs/drr_lr0.0005_bs128_s55_20260309_185820,,,,,,,,,,,,,,,,,,,rl,drr,128.0,50.0,20.0,1.9220938198268038,,,,,,,,,,,,
drr_lr0.0005_bs128_s55,rl,,,0.0005,,55.0,runs/drr_lr0.0005_bs128_s55_20260309_185820,,,,,,,,,,,,,,,,,,,rl,drr,128.0,100.0,50.0,4.250650906112438,,,,,,,,,,,,
drr_lr0.0005_bs128_s55,rl,,,0.0005,,55.0,runs/drr_lr0.0005_bs128_s55_20260309_185820,,,,,,,,,,,,,,,,,,,rl,drr,128.0,200.0,100.0,7.4294222097454465,,,,,,,,,,,,
drr_lr0.0005_bs256_s11,rl,,,0.0005,,11.0,runs/drr_lr0.0005_bs256_s11_20260309_185825,,,,,,,,,,,,,,,,,,,rl,drr,256.0,50.0,20.0,1.5996838195526115,,,,,,,,,,,,
drr_lr0.0005_bs256_s11,rl,,,0.0005,,11.0,runs/drr_lr0.0005_bs256_s11_20260309_185825,,,,,,,,,,,,,,,,,,,rl,drr,256.0,100.0,50.0,4.277999285810412,,,,,,,,,,,,
drr_lr0.0005_bs256_s11,rl,,,0.0005,,11.0,runs/drr_lr0.0005_bs256_s11_20260309_185825,,,,,,,,,,,,,,,,,,,rl,drr,256.0,200.0,100.0,9.010707717429902,,,,,,,,,,,,
drr_lr0.0005_bs256_s22,rl,,,0.0005,,22.0,runs/drr_lr0.0005_bs256_s22_20260309_185830,,,,,,,,,,,,,,,,,,,rl,drr,256.0,50.0,20.0,1.6651036031738315,,,,,,,,,,,,
drr_lr0.0005_bs256_s22,rl,,,0.0005,,22.0,runs/drr_lr0.0005_bs256_s22_20260309_185830,,,,,,,,,,,,,,,,,,,rl,drr,256.0,100.0,50.0,3.908478542618556,,,,,,,,,,,,
drr_lr0.0005_bs256_s22,rl,,,0.0005,,22.0,runs/drr_lr0.0005_bs256_s22_20260309_185830,,,,,,,,,,,,,,,,,,,rl,drr,256.0,200.0,100.0,8.97627442505567,,,,,,,,,,,,
drr_lr0.0005_bs256_s33,rl,,,0.0005,,33.0,runs/drr_lr0.0005_bs256_s33_20260309_185835,,,,,,,,,,,,,,,,,,,rl,drr,256.0,50.0,20.0,0.8470330945899789,,,,,,,,,,,,
drr_lr0.0005_bs256_s33,rl,,,0.0005,,33.0,runs/drr_lr0.0005_bs256_s33_20260309_185835,,,,,,,,,,,,,,,,,,,rl,drr,256.0,100.0,50.0,2.7260895670739056,,,,,,,,,,,,
drr_lr0.0005_bs256_s33,rl,,,0.0005,,33.0,runs/drr_lr0.0005_bs256_s33_20260309_185835,,,,,,,,,,,,,,,,,,,rl,drr,256.0,200.0,100.0,5.293956841187369,,,,,,,,,,,,
drr_lr0.0005_bs256_s44,rl,,,0.0005,,44.0,runs/drr_lr0.0005_bs256_s44_20260309_185840,,,,,,,,,,,,,,,,,,,rl,drr,256.0,50.0,20.0,2.0866638249205196,,,,,,,,,,,,
drr_lr0.0005_bs256_s44,rl,,,0.0005,,44.0,runs/drr_lr0.0005_bs256_s44_20260309_185840,,,,,,,,,,,,,,,,,,,rl,drr,256.0,100.0,50.0,4.932187446093611,,,,,,,,,,,,
drr_lr0.0005_bs256_s44,rl,,,0.0005,,44.0,runs/drr_lr0.0005_bs256_s44_20260309_185840,,,,,,,,,,,,,,,,,,,rl,drr,256.0,200.0,100.0,10.895639747329993,,,,,,,,,,,,
drr_lr0.0005_bs256_s55,rl,,,0.0005,,55.0,runs/drr_lr0.0005_bs256_s55_20260309_185845,,,,,,,,,,,,,,,,,,,rl,drr,256.0,50.0,20.0,1.9506036866794585,,,,,,,,,,,,
drr_lr0.0005_bs256_s55,rl,,,0.0005,,55.0,runs/drr_lr0.0005_bs256_s55_20260309_185845,,,,,,,,,,,,,,,,,,,rl,drr,256.0,100.0,50.0,4.338658108064697,,,,,,,,,,,,
drr_lr0.0005_bs256_s55,rl,,,0.0005,,55.0,runs/drr_lr0.0005_bs256_s55_20260309_185845,,,,,,,,,,,,,,,,,,,rl,drr,256.0,200.0,100.0,7.691271551677655,,,,,,,,,,,,
drr_lr0.002_bs64_s11,rl,,,0.002,,11.0,runs/drr_lr0.002_bs64_s11_20260309_185850,,,,,,,,,,,,,,,,,,,rl,drr,64.0,50.0,20.0,1.800555469339989,,,,,,,,,,,,
drr_lr0.002_bs64_s11,rl,,,0.002,,11.0,runs/drr_lr0.002_bs64_s11_20260309_185850,,,,,,,,,,,,,,,,,,,rl,drr,64.0,100.0,50.0,5.7119650908536705,,,,,,,,,,,,
drr_lr0.002_bs64_s11,rl,,,0.002,,11.0,runs/drr_lr0.002_bs64_s11_20260309_185850,,,,,,,,,,,,,,,,,,,rl,drr,64.0,200.0,100.0,11.253471683374933,,,,,,,,,,,,
drr_lr0.002_bs64_s22,rl,,,0.002,,22.0,runs/drr_lr0.002_bs64_s22_20260309_185854,,,,,,,,,,,,,,,,,,,rl,drr,64.0,50.0,20.0,2.1886630053613896,,,,,,,,,,,,
drr_lr0.002_bs64_s22,rl,,,0.002,,22.0,runs/drr_lr0.002_bs64_s22_20260309_185854,,,,,,,,,,,,,,,,,,,rl,drr,64.0,100.0,50.0,5.078493227094135,,,,,,,,,,,,
drr_lr0.002_bs64_s22,rl,,,0.002,,22.0,runs/drr_lr0.002_bs64_s22_20260309_185854,,,,,,,,,,,,,,,,,,,rl,drr,64.0,200.0,100.0,11.498954991098927,,,,,,,,,,,,
drr_lr0.002_bs64_s33,rl,,,0.002,,33.0,runs/drr_lr0.002_bs64_s33_20260309_185859,,,,,,,,,,,,,,,,,,,rl,drr,64.0,50.0,20.0,1.5765396973794648,,,,,,,,,,,,
drr_lr0.002_bs64_s33,rl,,,0.002,,33.0,runs/drr_lr0.002_bs64_s33_20260309_185859,,,,,,,,,,,,,,,,,,,rl,drr,64.0,100.0,50.0,4.899768960211786,,,,,,,,,,,,
drr_lr0.002_bs64_s33,rl,,,0.002,,33.0,runs/drr_lr0.002_bs64_s33_20260309_185859,,,,,,,,,,,,,,,,,,,rl,drr,64.0,200.0,100.0,9.853373108621659,,,,,,,,,,,,
drr_lr0.002_bs64_s44,rl,,,0.002,,44.0,runs/drr_lr0.002_bs64_s44_20260309_185904,,,,,,,,,,,,,,,,,,,rl,drr,64.0,50.0,20.0,1.8316886313553105,,,,,,,,,,,,
drr_lr0.002_bs64_s44,rl,,,0.002,,44.0,runs/drr_lr0.002_bs64_s44_20260309_185904,,,,,,,,,,,,,,,,,,,rl,drr,64.0,100.0,50.0,4.483905524728696,,,,,,,,,,,,
drr_lr0.002_bs64_s44,rl,,,0.002,,44.0,runs/drr_lr0.002_bs64_s44_20260309_185904,,,,,,,,,,,,,,,,,,,rl,drr,64.0,200.0,100.0,9.931481988575053,,,,,,,,,,,,
drr_lr0.002_bs64_s55,rl,,,0.002,,55.0,runs/drr_lr0.002_bs64_s55_20260309_185909,,,,,,,,,,,,,,,,,,,rl,drr,64.0,50.0,20.0,0.6159112359830121,,,,,,,,,,,,
drr_lr0.002_bs64_s55,rl,,,0.002,,55.0,runs/drr_lr0.002_bs64_s55_20260309_185909,,,,,,,,,,,,,,,,,,,rl,drr,64.0,100.0,50.0,2.191317119805947,,,,,,,,,,,,
drr_lr0.002_bs64_s55,rl,,,0.002,,55.0,runs/drr_lr0.002_bs64_s55_20260309_185909,,,,,,,,,,,,,,,,,,,rl,drr,64.0,200.0,100.0,3.7657825507907114,,,,,,,,,,,,
drr_lr0.002_bs128_s11,rl,,,0.002,,11.0,runs/drr_lr0.002_bs128_s11_20260309_185914,,,,,,,,,,,,,,,,,,,rl,drr,128.0,50.0,20.0,1.0441132807118159,,,,,,,,,,,,
drr_lr0.002_bs128_s11,rl,,,0.002,,11.0,runs/drr_lr0.002_bs128_s11_20260309_185914,,,,,,,,,,,,,,,,,,,rl,drr,128.0,100.0,50.0,3.356682671224958,,,,,,,,,,,,
drr_lr0.002_bs128_s11,rl,,,0.002,,11.0,runs/drr_lr0.002_bs128_s11_20260309_185914,,,,,,,,,,,,,,,,,,,rl,drr,128.0,200.0,100.0,6.525708004448852,,,,,,,,,,,,
drr_lr0.002_bs128_s22,rl,,,0.002,,22.0,runs/drr_lr0.002_bs128_s22_20260309_185919,,,,,,,,,,,,,,,,,,,rl,drr,128.0,50.0,20.0,1.4591676095722772,,,,,,,,,,,,
drr_lr0.002_bs128_s22,rl,,,0.002,,22.0,runs/drr_lr0.002_bs128_s22_20260309_185919,,,,,,,,,,,,,,,,,,,rl,drr,128.0,100.0,50.0,3.517558318482969,,,,,,,,,,,,
drr_lr0.002_bs128_s22,rl,,,0.002,,22.0,runs/drr_lr0.002_bs128_s22_20260309_185919,,,,,,,,,,,,,,,,,,,rl,drr,128.0,200.0,100.0,8.25362667172505,,,,,,,,,,,,
drr_lr0.002_bs128_s33,rl,,,0.002,,33.0,runs/drr_lr0.002_bs128_s33_20260309_185924,,,,,,,,,,,,,,,,,,,rl,drr,128.0,50.0,20.0,1.0552545659791044,,,,,,,,,,,,
drr_lr0.002_bs128_s33,rl,,,0.002,,33.0,runs/drr_lr0.002_bs128_s33_20260309_185924,,,,,,,,,,,,,,,,,,,rl,drr,128.0,100.0,50.0,3.4515212047926003,,,,,,,,,,,,
drr_lr0.002_bs128_s33,rl,,,0.002,,33.0,runs/drr_lr0.002_bs128_s33_20260309_185924,,,,,,,,,,,,,,,,,,,rl,drr,128.0,200.0,100.0,6.5953410373694075,,,,,,,,,,,,
drr_lr0.002_bs128_s44,rl,,,0.002,,44.0,runs/drr_lr0.002_bs128_s44_20260309_185929,,,,,,,,,,,,,,,,,,,rl,drr,128.0,50.0,20.0,2.3917800134699068,,,,,,,,,,,,
drr_lr0.002_bs128_s44,rl,,,0.002,,44.0,runs/drr_lr0.002_bs128_s44_20260309_185929,,,,,,,,,,,,,,,,,,,rl,drr,128.0,100.0,50.0,5.758246539809663,,,,,,,,,,,,
drr_lr0.002_bs128_s44,rl,,,0.002,,44.0,runs/drr_lr0.002_bs128_s44_20260309_185929,,,,,,,,,,,,,,,,,,,rl,drr,128.0,200.0,100.0,12.802615925763659,,,,,,,,,,,,
drr_lr0.002_bs128_s55,rl,,,0.002,,55.0,runs/drr_lr0.002_bs128_s55_20260309_185933,,,,,,,,,,,,,,,,,,,rl,drr,128.0,50.0,20.0,0.589210528502961,,,,,,,,,,,,
drr_lr0.002_bs128_s55,rl,,,0.002,,55.0,runs/drr_lr0.002_bs128_s55_20260309_185933,,,,,,,,,,,,,,,,,,,rl,drr,128.0,100.0,50.0,2.1245653511058187,,,,,,,,,,,,
drr_lr0.002_bs128_s55,rl,,,0.002,,55.0,runs/drr_lr0.002_bs128_s55_20260309_185933,,,,,,,,,,,,,,,,,,,rl,drr,128.0,200.0,100.0,3.598903129040391,,,,,,,,,,,,
drr_lr0.002_bs256_s11,rl,,,0.002,,11.0,runs/drr_lr0.002_bs256_s11_20260309_185938,,,,,,,,,,,,,,,,,,,rl,drr,256.0,50.0,20.0,1.0253637649952623,,,,,,,,,,,,
drr_lr0.002_bs256_s11,rl,,,0.002,,11.0,runs/drr_lr0.002_bs256_s11_20260309_185938,,,,,,,,,,,,,,,,,,,rl,drr,256.0,100.0,50.0,3.3098088819335745,,,,,,,,,,,,
drr_lr0.002_bs256_s11,rl,,,0.002,,11.0,runs/drr_lr0.002_bs256_s11_20260309_185938,,,,,,,,,,,,,,,,,,,rl,drr,256.0,200.0,100.0,6.408523531220394,,,,,,,,,,,,
drr_lr0.002_bs256_s22,rl,,,0.002,,22.0,runs/drr_lr0.002_bs256_s22_20260309_185943,,,,,,,,,,,,,,,,,,,rl,drr,256.0,50.0,20.0,1.4622317806958764,,,,,,,,,,,,
drr_lr0.002_bs256_s22,rl,,,0.002,,22.0,runs/drr_lr0.002_bs256_s22_20260309_185943,,,,,,,,,,,,,,,,,,,rl,drr,256.0,100.0,50.0,3.4086539955427457,,,,,,,,,,,,
drr_lr0.002_bs256_s22,rl,,,0.002,,22.0,runs/drr_lr0.002_bs256_s22_20260309_185943,,,,,,,,,,,,,,,,,,,rl,drr,256.0,200.0,100.0,7.745100580163837,,,,,,,,,,,,
drr_lr0.002_bs256_s33,rl,,,0.002,,33.0,runs/drr_lr0.002_bs256_s33_20260309_185948,,,,,,,,,,,,,,,,,,,rl,drr,256.0,50.0,20.0,1.2604999328131266,,,,,,,,,,,,
drr_lr0.002_bs256_s33,rl,,,0.002,,33.0,runs/drr_lr0.002_bs256_s33_20260309_185948,,,,,,,,,,,,,,,,,,,rl,drr,256.0,100.0,50.0,3.5923019439416173,,,,,,,,,,,,
drr_lr0.002_bs256_s33,rl,,,0.002,,33.0,runs/drr_lr0.002_bs256_s33_20260309_185948,,,,,,,,,,,,,,,,,,,rl,drr,256.0,200.0,100.0,6.016461190401845,,,,,,,,,,,,
drr_lr0.002_bs256_s44,rl,,,0.002,,44.0,runs/drr_lr0.002_bs256_s44_20260309_185953,,,,,,,,,,,,,,,,,,,rl,drr,256.0,50.0,20.0,2.2627749300334385,,,,,,,,,,,,
drr_lr0.002_bs256_s44,rl,,,0.002,,44.0,runs/drr_lr0.002_bs256_s44_20260309_185953,,,,,,,,,,,,,,,,,,,rl,drr,256.0,100.0,50.0,5.435733831218492,,,,,,,,,,,,
drr_lr0.002_bs256_s44,rl,,,0.002,,44.0,runs/drr_lr0.002_bs256_s44_20260309_185953,,,,,,,,,,,,,,,,,,,rl,drr,256.0,200.0,100.0,11.996334154285732,,,,,,,,,,,,
drr_lr0.002_bs256_s55,rl,,,0.002,,55.0,runs/drr_lr0.002_bs256_s55_20260309_185958,,,,,,,,,,,,,,,,,,,rl,drr,256.0,50.0,20.0,0.4259348352143529,,,,,,,,,,,,
drr_lr0.002_bs256_s55,rl,,,0.002,,55.0,runs/drr_lr0.002_bs256_s55_20260309_185958,,,,,,,,,,,,,,,,,,,rl,drr,256.0,100.0,50.0,1.5122815012735389,,,,,,,,,,,,
drr_lr0.002_bs256_s55,rl,,,0.002,,55.0,runs/drr_lr0.002_bs256_s55_20260309_185958,,,,,,,,,,,,,,,,,,,rl,drr,256.0,200.0,100.0,2.5784300459865914,,,,,,,,,,,,
,ope,,,,,,,,,,,,,,,,,,,,,,,,,ope,,,,,,500.0,0.5,1e-06,0.13895616923567852,0.49695017132277003,0.49994290398647123,0.12913475817238562,0.14937371605156202,0.4695950944446028,0.5242898405313433,0.4742764514748209,0.5257526906939006
,ope,,,,,,,,,,,,,,,,,,,,,,,,,ope,,,,,,500.0,0.5,0.0001,0.13895616923567852,0.49695017132277003,0.49994290398647123,0.1292095771234434,0.14757087067343655,0.4718503541958009,0.522519677564668,0.4697986361799065,0.5224864354964582
,ope,,,,,,,,,,,,,,,,,,,,,,,,,ope,,,,,,500.0,0.5,0.001,0.13895616923567852,0.49695017132277003,0.49994290398647123,0.1277245693181825,0.1492481346449326,0.4657361585589858,0.5220591455726753,0.47634078063885454,0.5246209984004933
,ope,,,,,,,,,,,,,,,,,,,,,,,,,ope,,,,,,500.0,0.5,0.01,0.13894659784758825,0.4969359401557031,0.49994310329039243,0.1298240416990251,0.14884102383913356,0.46993899684407014,0.5242818585880212,0.47194254978262573,0.5232031939886378
,ope,,,,,,,,,,,,,,,,,,,,,,,,,ope,,,,,,500.0,0.5,0.05,0.13886101942853799,0.4969365030022448,0.49994236370432127,0.1291259784827464,0.149404462264962,0.46666658055263605,0.5191077267111004,0.4720236014525131,0.5211392034982415
,ope,,,,,,,,,,,,,,,,,,,,,,,,,ope,,,,,,500.0,0.5,0.1,0.13811023940150685,0.4967399713363199,0.49994187129273043,0.1287132713092448,0.14734723729981852,0.46563726918536924,0.5226395335473358,0.4716867275132945,0.5227739300457412
,ope,,,,,,,,,,,,,,,,,,,,,,,,,ope,,,,,,500.0,1.0,1e-06,0.49264752482548774,0.49264752482548774,0.5017255960116608,0.4708711704269642,0.5190351461649827,0.4708711704269642,0.5190351461649827,0.4752570582991593,0.5274385504636947
,ope,,,,,,,,,,,,,,,,,,,,,,,,,ope,,,,,,500.0,1.0,0.0001,0.49264752482548774,0.49264752482548774,0.5017255960116608,0.46843226134348476,0.5156307334936757,0.46843226134348476,0.5156307334936757,0.47529087413553617,0.5269381575503301
,ope,,,,,,,,,,,,,,,,,,,,,,,,,ope,,,,,,500.0,1.0,0.001,0.49264752482548774,0.49264752482548774,0.5017255960116608,0.46938327000610996,0.5174015158848774,0.46938327000610996,0.5174015158848774,0.47578457684580655,0.524407134660798
,ope,,,,,,,,,,,,,,,,,,,,,,,,,ope,,,,,,500.0,1.0,0.01,0.4925563492810339,0.49260174600821466,0.5017247121171858,0.46828299580982036,0.5143873708755462,0.46836932288658445,0.5144371610004934,0.47704058640057995,0.5245180935323347
,ope,,,,,,,,,,,,,,,,,,,,,,,,,ope,,,,,,500.0,1.0,0.05,0.4864848475017741,0.4919781639326401,0.5015906076615908,0.4596365326837352,0.5106757662165682,0.4664464507226283,0.5162344424009615,0.4760304424063799,0.5237017283458041
,ope,,,,,,,,,,,,,,,,,,,,,,,,,ope,,,,,,500.0,1.0,0.1,0.47221492947637217,0.49036441352666227,0.5013404233559854,0.45155480716311813,0.4994128467289819,0.4664723993008035,0.5155196396662264,0.4761506776499496,0.5256868373645618
,ope,,,,,,,,,,,,,,,,,,,,,,,,,ope,,,,,,500.0,2.0,1e-06,1.1341198994026755,0.4962134578409088,0.4964443912209565,1.0561899701788564,1.2053443774552444,0.46802041746616624,0.5228402402450787,0.4703993937441318,0.5183885177872576
,ope,,,,,,,,,,,,,,,,,,,,,,,,,ope,,,,,,500.0,2.0,0.0001,1.1341198994026755,0.4962134578409088,0.4964443912209565,1.050329557679388,1.2237996876224888,0.468446403257675,0.5282728366975727,0.4725067400266714,0.5208780593129939
,ope,,,,,,,,,,,,,,,,,,,,,,,,,ope,,,,,,500.0,2.0,0.001,1.1341198994026755,0.4962134578409088,0.4964443912209565,1.0590131955683793,1.2310799126741554,0.46829162383588435,0.5330037104750996,0.47118596013450875,0.5220727295014908
,ope,,,,,,,,,,,,,,,,,,,,,,,,,ope,,,,,,500.0,2.0,0.01,1.130279487185424,0.4955988747349281,0.4961842047457826,1.0673518014576624,1.2032993391887379,0.47001848763574033,0.5212655303242264,0.47054697403053003,0.5252610226795775
,ope,,,,,,,,,,,,,,,,,,,,,,,,,ope,,,,,,500.0,2.0,0.05,1.0815524110447963,0.49788217699502973,0.49716707584200354,1.0193661083227334,1.1414716348711633,0.4745065468118544,0.5237735508904038,0.47461507917694723,0.5208346629825323
,ope,,,,,,,,,,,,,,,,,,,,,,,,,ope,,,,,,500.0,2.0,0.1,1.010425660355505,0.49817912644334705,0.49777711811526776,0.9522112545740509,1.0660659237276584,0.4723928861361356,0.5187361712101345,0.4714302842358853,0.5248658392522982
,ope,,,,,,,,,,,,,,,,,,,,,,,,,ope,,,,,,1000.0,0.5,1e-06,0.1407438394485534,0.49946862079749127,0.507534914076944,0.13349149733275023,0.14815531082135988,0.4784345960251459,0.5203856254631554,0.4906389004797305,0.5226291332595988
,ope,,,,,,,,,,,,,,,,,,,,,,,,,ope,,,,,,1000.0,0.5,0.0001,0.1407438394485534,0.49946862079749127,0.507534914076944,0.13222317048421015,0.1470467611765558,0.4816218770084094,0.5199680604977965,0.491953007262984,0.5251344078175019
,ope,,,,,,,,,,,,,,,,,,,,,,,,,ope,,,,,,1000.0,0.5,0.001,0.1407438394485534,0.49946862079749127,0.507534914076944,0.13235168332736494,0.1471995029738093,0.47661748893139555,0.5194063407763209,0.48855917211925576,0.5243731385701493
,ope,,,,,,,,,,,,,,,,,,,,,,,,,ope,,,,,,1000.0,0.5,0.01,0.14071254110921352,0.4994508538120359,0.5075351085038715,0.13338982907572894,0.14967988415567574,0.47892986548739985,0.5202417120931033,0.48815713691025,0.5263798746295225
,ope,,,,,,,,,,,,,,,,,,,,,,,,,ope,,,,,,1000.0,0.5,0.05,0.14060878296583013,0.4994328434983411,0.5075317569447366,0.13347451008886385,0.1479772037589503,0.4826266959563598,0.5184929991249431,0.4887070800007253,0.5273425464934093
,ope,,,,,,,,,,,,,,,,,,,,,,,,,ope,,,,,,1000.0,0.5,0.1,0.13977152415807728,0.49956522907573714,0.5075312043582564,0.13135758991568067,0.1471066146620765,0.4761153779314369,0.5170408667025337,0.48944709504974976,0.5252169102335529
,ope,,,,,,,,,,,,,,,,,,,,,,,,,ope,,,,,,1000.0,1.0,1e-06,0.5181368300138016,0.5181368300138016,0.48876333562100727,0.5029510466579411,0.5347055646665475,0.5029510466579411,0.5347055646665475,0.47303958767274246,0.5066225492477208
,ope,,,,,,,,,,,,,,,,,,,,,,,,,ope,,,,,,1000.0,1.0,0.0001,0.5181368300138016,0.5181368300138016,0.48876333562100727,0.501305413523337,0.5351992104320353,0.501305413523337,0.5351992104320353,0.4691191195870855,0.5048951268438678
,ope,,,,,,,,,,,,,,,,,,,,,,,,,ope,,,,,,1000.0,1.0,0.001,0.5181368300138016,0.5181368300138016,0.48876333562100727,0.4980810335877722,0.5374486343905032,0.4980810335877722,0.5374486343905032,0.47131259037480283,0.5043744941871472
,ope,,,,,,,,,,,,,,,,,,,,,,,,,ope,,,,,,1000.0,1.0,0.01,0.5180946705071071,0.5181680629459642,0.4887712639539602,0.5010060936513047,0.5351059001854512,0.5010060936513047,0.5351091861471382,0.47087726426341336,0.5064142633750295
,ope,,,,,,,,,,,,,,,,,,,,,,,,,ope,,,,,,1000.0,1.0,0.05,0.5124747247770641,0.5180921859235272,0.4887913895346054,0.4937117423037369,0.5303828656840311,0.499068171939968,0.5354722705371627,0.4721176514601122,0.5067989363541451
,ope,,,,,,,,,,,,,,,,,,,,,,,,,ope,,,,,,1000.0,1.0,0.1,0.4948985680590174,0.5179404425859088,0.4890678226108475,0.4772290275273822,0.5137766881100893,0.5008711848666183,0.5368399132583856,0.4696533954684147,0.50647645425084
,ope,,,,,,,,,,,,,,,,,,,,,,,,,ope,,,,,,1000.0,2.0,1e-06,1.1227975175980245,0.5100330055525811,0.4949068028745188,1.0736114848508869,1.1718490237023131,0.4927556361246293,0.5272639677828885,0.47505799256662906,0.5135342758321884
,ope,,,,,,,,,,,,,,,,,,,,,,,,,ope,,,,,,1000.0,2.0,0.0001,1.1227975175980245,0.5100330055525811,0.4949068028745188,1.071807380947915,1.1692931525045085,0.49192579259789543,0.5261220600682941,0.4751238628825854,0.513204279431752
,ope,,,,,,,,,,,,,,,,,,,,,,,,,ope,,,,,,1000.0,2.0,0.001,1.1227975175980245,0.5100330055525811,0.4949068028745188,1.0747372671004085,1.1740682257497361,0.49213618742361315,0.5309044953920663,0.4741235977351235,0.5164601006452499
,ope,,,,,,,,,,,,,,,,,,,,,,,,,ope,,,,,,1000.0,2.0,0.01,1.1227975175980245,0.5100330055525811,0.4949068028745188,1.0790404407724628,1.172357443647027,0.493746300746323,0.5280282693497812,0.47646910493148775,0.513212006016605
,ope,,,,,,,,,,,,,,,,,,,,,,,,,ope,,,,,,1000.0,2.0,0.05,1.101641957723287,0.5084934143845935,0.4947371301046935,1.054153549911066,1.1413176428057787,0.48886068578551767,0.5272317439416995,0.47897891957527167,0.514723595110115
,ope,,,,,,,,,,,,,,,,,,,,,,,,,ope,,,,,,1000.0,2.0,0.1,1.0366855887721595,0.5074293858996152,0.4954091941269073,1.0023083241231183,1.0758868191316404,0.4931169157485915,0.5249763273085558,0.4760799071023917,0.5168839073586635
,ope,,,,,,,,,,,,,,,,,,,,,,,,,ope,,,,,,2500.0,0.5,1e-06,0.14248991712523215,0.49933117853417847,0.5046555979059509,0.13811366180524404,0.1474182970151832,0.485956814428457,0.5120778137648688,0.4920130922709093,0.5155576201527434
,ope,,,,,,,,,,,,,,,,,,,,,,,,,ope,,,,,,2500.0,0.5,0.0001,0.14248991712523215,0.49933117853417847,0.5046555979059509,0.13726959095651609,0.14690512333655872,0.4866969636138467,0.5119759698998038,0.49363233776281384,0.5159821049944394
,ope,,,,,,,,,,,,,,,,,,,,,,,,,ope,,,,,,2500.0,0.5,0.001,0.14248991712523215,0.49933117853417847,0.5046555979059509,0.13770431087224147,0.14799217781400162,0.4873039041258445,0.5139256594453777,0.4940006945370287,0.517098028526277
,ope,,,,,,,,,,,,,,,,,,,,,,,,,ope,,,,,,2500.0,0.5,0.01,0.1424892100864306,0.4993409433178861,0.5046558280410786,0.13745707550376093,0.1468814242290774,0.4867434181914345,0.5129754059187431,0.49441883496520067,0.5165585658873257
,ope,,,,,,,,,,,,,,,,,,,,,,,,,ope,,,,,,2500.0,0.5,0.05,0.1423289557305373,0.4993424730871628,0.50465623628404,0.13771062559904093,0.14690423146275325,0.48778920674125875,0.511110220898675,0.49357784618346356,0.5187703582016712
,ope,,,,,,,,,,,,,,,,,,,,,,,,,ope,,,,,,2500.0,0.5,0.1,0.14151699320325697,0.4994463569568861,0.5046505751691037,0.13682947537868895,0.14608105164572233,0.4877241653513041,0.51023220776037,0.4943394679406393,0.5182680903444018
,ope,,,,,,,,,,,,,,,,,,,,,,,,,ope,,,,,,2500.0,1.0,1e-06,0.49319503427712896,0.49319503427712896,0.494584218613773,0.48420558986860157,0.503815450978815,0.48420558986860157,0.503815450978815,0.4838684781012354,0.5066036596766096
,ope,,,,,,,,,,,,,,,,,,,,,,,,,ope,,,,,,2500.0,1.0,0.0001,0.49319503427712896,0.49319503427712896,0.494584218613773,0.48392360652008887,0.5031804005829869,0.48392360652008887,0.5031804005829869,0.483918653376019,0.5061164293745944
,ope,,,,,,,,,,,,,,,,,,,,,,,,,ope,,,,,,2500.0,1.0,0.001,0.49319503427712896,0.49319503427712896,0.494584218613773,0.48223840571147664,0.5042483137662686,0.48223840571147664,0.5042483137662686,0.48600781646071506,0.5059506279531141
,ope,,,,,,,,,,,,,,,,,,,,,,,,,ope,,,,,,2500.0,1.0,0.01,0.4930401625687933,0.4932440348276329,0.4945925840657317,0.4820569248496843,0.5026955383637491,0.48233555562282726,0.5028254047008409,0.48398382120652417,0.5062877702038193
,ope,,,,,,,,,,,,,,,,,,,,,,,,,ope,,,,,,2500.0,1.0,0.05,0.4881364493439497,0.4936059846160324,0.49458156079173676,0.4761965397208197,0.5004497875327203,0.4811272055661315,0.5053794906454473,0.4829956781717507,0.5050681787555489
,ope,,,,,,,,,,,,,,,,,,,,,,,,,ope,,,,,,2500.0,1.0,0.1,0.47355907545428527,0.4925264255121391,0.49449159012929705,0.46323569883919413,0.4846980561120231,0.4826197281728453,0.5053694500299056,0.48396115479299456,0.5075945153892969
,ope,,,,,,,,,,,,,,,,,,,,,,,,,ope,,,,,,2500.0,2.0,1e-06,1.11787049294504,0.5012933182554123,0.5090609372836876,1.0865145785928307,1.1595855819458618,0.4894854616332712,0.5148321272276075,0.4982756006982506,0.5210525430666403
,ope,,,,,,,,,,,,,,,,,,,,,,,,,ope,,,,,,2500.0,2.0,0.0001,1.11787049294504,0.5012933182554123,0.5090609372836876,1.0863186573404084,1.1528773962383758,0.4895080293325411,0.5133206209452631,0.4977554428208853,0.5204461697975945
,ope,,,,,,,,,,,,,,,,,,,,,,,,,ope,,,,,,2500.0,2.0,0.001,1.11787049294504,0.5012933182554123,0.5090609372836876,1.0856351995902034,1.1585122215713282,0.4897677651929443,0.5135014451723182,0.49764587278915756,0.5211727134654863
,ope,,,,,,,,,,,,,,,,,,,,,,,,,ope,,,,,,2500.0,2.0,0.01,1.1164937191502005,0.5011025773774549,0.5090969753168966,1.0848261918554287,1.1485036261069483,0.4875002679322169,0.5116203830884994,0.4965345632093147,0.5207374630737129
,ope,,,,,,,,,,,,,,,,,,,,,,,,,ope,,,,,,2500.0,2.0,0.05,1.0683915952519398,0.4976513111584485,0.509109704140698,1.0377196273093765,1.1036876231798303,0.4855813080142918,0.5095108081170421,0.4975737251461642,0.5216422650869577
,ope,,,,,,,,,,,,,,,,,,,,,,,,,ope,,,,,,2500.0,2.0,0.1,0.9971888456107577,0.496006934930331,0.509289074718521,0.9676655288456774,1.025651243228359,0.4833300141295114,0.5090863013414209,0.4971777025120905,0.5201991689810946
,ope,,,,,,,,,,,,,,,,,,,,,,,,,ope,,,,,,5000.0,0.5,1e-06,0.1410694233820309,0.4982826739982749,0.4864184519444318,0.13776991446463957,0.14420590120968194,0.48850830643615656,0.5074471010727003,0.47851830815666946,0.49339907688664547
,ope,,,,,,,,,,,,,,,,,,,,,,,,,ope,,,,,,5000.0,0.5,0.0001,0.1410694233820309,0.4982826739982749,0.4864184519444318,0.13765954325140767,0.14449588267280683,0.4898870157381626,0.5078585276852938,0.479268718758994,0.49400652586341676
,ope,,,,,,,,,,,,,,,,,,,,,,,,,ope,,,,,,5000.0,0.5,0.001,0.1410694233820309,0.4982826739982749,0.4864184519444318,0.13764717922429898,0.1444248407851513,0.48970469071156386,0.5074694986973097,0.4786660793105473,0.49433198949587526
,ope,,,,,,,,,,,,,,,,,,,,,,,,,ope,,,,,,5000.0,0.5,0.01,0.1410671273911857,0.4982875169280761,0.4864184306317542,0.13774252172288032,0.14405473263714924,0.48881151682549834,0.5072067052978544,0.4779343606250733,0.49340390170174553
,ope,,,,,,,,,,,,,,,,,,,,,,,,,ope,,,,,,5000.0,0.5,0.05,0.1409162140402773,0.49828393357442957,0.4864180813059692,0.1378666204583576,0.14383172972319846,0.48961479375804184,0.5062932447035534,0.47801861665367434,0.49423968360519877
,ope,,,,,,,,,,,,,,,,,,,,,,,,,ope,,,,,,5000.0,0.5,0.1,0.14009067116398682,0.4982444087434428,0.48641625225075813,0.1363438765592887,0.14349508120248008,0.49011762731927816,0.5081681486730066,0.4785249031705114,0.49496804176917236
,ope,,,,,,,,,,,,,,,,,,,,,,,,,ope,,,,,,5000.0,1.0,1e-06,0.5031315801770057,0.5031315801770057,0.49620670470577416,0.49519258561950846,0.511076590482691,0.49519258561950846,0.511076590482691,0.487912709646964,0.5052160111182581
,ope,,,,,,,,,,,,,,,,,,,,,,,,,ope,,,,,,5000.0,1.0,0.0001,0.5031315801770057,0.5031315801770057,0.49620670470577416,0.4943853250099668,0.5113138895690297,0.4943853250099668,0.5113138895690297,0.48741321368099055,0.5056748907404859
,ope,,,,,,,,,,,,,,,,,,,,,,,,,ope,,,,,,5000.0,1.0,0.001,0.5031315801770057,0.5031315801770057,0.49620670470577416,0.49457543983806523,0.5111875718572035,0.49457543983806523,0.5111875718572035,0.4888196124681714,0.5047031706025289
,ope,,,,,,,,,,,,,,,,,,,,,,,,,ope,,,,,,5000.0,1.0,0.01,0.5029750676774982,0.5030773608789126,0.4962016121982537,0.4938556895620803,0.5112679956227534,0.4939990550769934,0.5113264130396092,0.4892390986755603,0.5044065048226416
,ope,,,,,,,,,,,,,,,,,,,,,,,,,ope,,,,,,5000.0,1.0,0.05,0.497808182993168,0.5026619730307673,0.4961837366071828,0.49040221475917245,0.505407714931906,0.49483189630373564,0.5101214540871425,0.4889341449655431,0.5043998171182613
,ope,,,,,,,,,,,,,,,,,,,,,,,,,ope,,,,,,5000.0,1.0,0.1,0.48333102639702774,0.5031917303717702,0.49605582645200047,0.4755033639731588,0.4911276456075628,0.4946539906638381,0.5115313098448148,0.4878083447092803,0.5041401644088197
,ope,,,,,,,,,,,,,,,,,,,,,,,,,ope,,,,,,5000.0,2.0,1e-06,1.0932428827084386,0.4970850094046798,0.498522051646223,1.0705609005905954,1.1173972809733954,0.4899210479824622,0.5052339560643996,0.49027416682854336,0.5076169495587726
,ope,,,,,,,,,,,,,,,,,,,,,,,,,ope,,,,,,5000.0,2.0,0.0001,1.0932428827084386,0.4970850094046798,0.498522051646223,1.0685528999381442,1.1183799532115486,0.48917713440739136,0.5077024372457223,0.49165112720044307,0.5068816932350182
,ope,,,,,,,,,,,,,,,,,,,,,,,,,ope,,,,,,5000.0,2.0,0.001,1.0932428827084386,0.4970850094046798,0.498522051646223,1.0720576032875937,1.1118553342344646,0.4885226312848975,0.5035477159025884,0.4904104538932382,0.5071979155851218
,ope,,,,,,,,,,,,,,,,,,,,,,,,,ope,,,,,,5000.0,2.0,0.01,1.0899123700766231,0.4975196202480464,0.4986549350820711,1.068261413274521,1.1144112755248095,0.48954077905623894,0.5061410494606517,0.49008711289257434,0.5074156767506136
,ope,,,,,,,,,,,,,,,,,,,,,,,,,ope,,,,,,5000.0,2.0,0.05,1.058468792008264,0.4969026328747051,0.4989313421165446,1.0383771132811295,1.0767687173119997,0.4886302957361369,0.5046836990572883,0.4918321776466049,0.5065419528466406
,ope,,,,,,,,,,,,,,,,,,,,,,,,,ope,,,,,,5000.0,2.0,0.1,0.9988553157064635,0.49714800696313466,0.4991087437073994,0.9798348225754561,1.0184352290042786,0.4878569870946712,0.5053268510492663,0.48967702979680916,0.5060997795360072
